// Generated from local MAME src/mame/dataeast/deco104.cpp and deco146.cpp (BSD-3-Clause).
// Data East DECO104 protection table by David Haywood and Charles MacDonald.
namespace EutherDrive.Platforms.DataEast.Deco32;

internal static class Deco32ProtTables
{
    public static ReadOnlySpan<short> WriteOffsets => new short[]
    {
        4, 42, 94, 152, 148, 190, 214, 228, 144, 168, 36, 252, 8, -3, 114, 196,
        208, 102, 140, 236, 88, 128, 130, 106, 0, 96, -2, 174, 18, 66, 30, 246,
        220, 52, 44, 122, 16, 158, 62, 14, 164, 12, 64, 32, 70, 108, 154, 24,
        224, 48, 202, 172, 232, 102, 20, 150, 92, 10, -2, -3, 90, 116, 180, 134,
        132, 40, 80, 102, -1, 28, 72, 194, 68, 60, 250, 34, 240, 46, 6, 100,
        204, 122, 178, 190, 222, 248, 202, 62, 182, 216, -3, 192, 162, 230, 26, 176,
        76, 86, 238, 212, -1, 218, 206, 242, 142, 58, 110, 166, 120, 188, 186, 54,
        102, 146, 82, 244, -2, 198, 234, 254, 178, 50, 118, 226, 124, 160, 74, 112,
        100, 4, 226, 202, 164, 18, 170, 124, 244, 218, 122, 58, 0, 102, 206, 182,
        28, 130, 74, 88, 190, 54, 154, 2, 234, 174, 82, 220, 158, 252, 76, 118,
        140, 212, 62, 22, 184, 80, 66, 214, 126, 146, -1, 222, 26, 156, 20, 152,
        64, 110, 196, 198, 132, 142, 150, 106, 240, 42, 30, 98, 136, 224, -1, 204,
        -1, 70, 144, 114, 238, 44, 34, 56, 68, 192, 84, 108, 250, 52, 168, 60,
        126, 78, 156, 22, 56, 200, 104, 84, 186, 120, 204, 254, 134, 24, 14, 194,
        -3, 12, -1, 112, -1, 92, 172, 72, 10, 148, 102, 248, 104, 36, 102, 166,
        116, 208, 94, 230, 102, -2, -2, 200, 162, 96, 188, 6, 46, 38, 86, 210,
        160, 52, 246, -1, 174, 244, -3, 78, 14, 110, 74, 10, 130, 102, 108, 184,
        18, 6, 0, 114, 228, 144, 196, 8, 152, 218, 58, 204, 124, 134, 86, 138,
        160, 4, 50, 72, 140, 162, 250, 70, 98, 224, 126, 206, 248, 106, 88, 192,
        226, 48, 136, 232, 172, 230, 194, 168, -3, 60, 104, 46, 24, 2, 112, 148,
        94, 38, 20, 122, 210, 212, 166, 54, 238, -3, 102, 90, 100, 96, 236, 128,
        208, 68, -3, 188, 34, 178, 30, 156, 150, 142, 182, 254, 102, 240, 32, 64,
        76, 118, 202, 80, 28, 26, -2, 146, 102, 40, 116, 22, 158, 222, 186, 120,
        154, 198, 66, 234, 12, 216, 92, 170, 180, 242, -3, 132, 164, -3, 252, 16,
        164, 36, 226, 50, 42, 102, 134, 170, 102, 78, 132, 150, 38, 100, 172, 120,
        254, 46, 6, 146, 52, 192, 138, 70, 216, 196, 48, 26, 208, 96, 246, 0,
        144, 252, 8, 168, 68, 4, 60, 222, 114, 98, 58, 186, 104, 118, 158, 198,
        228, 2, 108, 236, -3, -1, -2, 12, 128, 130, 184, 80, 32, 244, 140, 230,
        218, 242, 220, 156, -1, -2, 40, 182, 44, 206, 14, 92, 82, 126, 106, 160,
        82, 148, 44, 200, 24, 86, 84, 88, -2, 20, 56, 248, 180, 214, 92, 28,
        34, 102, 142, 240, 174, 30, 238, 234, 232, 136, -3, 102, -2, 250, 76, 54,
        224, 212, 200, 194, 10, 154, 124, 74, 210, 72, 110, 166, 66, 94, 188, 16,
        2, 114, 116, 150, 84, 218, 214, 138, 222, 164, 162, 228, 4, 132, 42, 76,
        46, 134, 96, 186, 140, 238, 172, 50, 210, 14, 6, 102, 236, 254, -2, 122,
        252, 16, 102, 22, 144, 180, -2, 68, -3, 48, 130, 38, 82, 198, 216, 24,
        200, 100, 190, 66, 192, 56, 208, 156, 168, 74, 28, 240, 182, 194, 126, -2,
        90, 92, 90, 6, 44, 118, 188, 70, 102, 234, 154, 184, 54, 86, 108, 18,
        164, 168, 206, 140, 176, 72, -1, 146, 16, 116, 8, 148, 70, 36, 66, 166,
        8, 128, 60, 148, -1, 32, 246, 102, 226, -2, 212, 160, 72, 202, 98, 112,
        250, 158, 64, 104, 136, 62, 124, 204, 52, -1, 40, 230, 106, 170, 80, 166,
        240, 136, 92, -3, -1, 192, 38, 114, 138, 6, 50, 182, 2, 178, 10, 214,
        170, 202, 84, 8, -2, 142, 224, 186, 24, 176, 26, 122, 60, 12, 250, 158,
        62, 156, 90, 98, 246, 222, 56, 230, 162, 76, 174, 172, 104, 242, 102, 234,
        130, -2, 128, 248, 108, 124, -1, 152, 36, 194, 220, 82, 42, 184, 40, 216,
        12, 142, 34, 0, 4, 34, 232, 116, 14, 102, 64, 200, 112, 22, 18, 54,
        94, 36, 206, 176, 242, 152, 110, 220, 196, -2, 224, 146, 78, 244, 120, 88,
        254, 74, 58, 44, 150, 32, 198, 168, 226, 102, 244, 236, 190, 232, 110, 30,
        20, 132, 160, 52, 228, 88, -2, 66, 140, 16, -3, 4, 78, 210, 126, 204,
        198, 32, 54, 252, 28, 202, -1, 160, 164, 100, 150, 126, 12, 56, 102, 34,
        26, 174, 154, 78, 90, 138, -1, 88, -2, 106, 194, 196, 148, 60, 116, 10,
        48, 104, 64, 218, 96, 222, 4, 134, 120, 74, 76, 46, 188, 192, 68, 156,
        72, 140, 158, 254, 94, 22, 220, 236, 244, 108, -3, 210, 114, 40, 30, -2,
        122, 186, 216, 70, 228, 208, 80, 146, 16, 136, 242, 206, 18, 62, 6, 232,
        178, 40, 160, 228, 50, 32, 246, 242, 16, 180, 160, 48, 234, 246, 66, -1,
        8, 84, 102, 204, 82, 212, -3, 14, 178, 162, 180, -1, 172, 36, 190, 168,
        44, 144, 152, 112, 182, 184, 102, 42, 98, 200, 20, 166, 230, 238, 130, 38,
        102, 44, 124, 24, 218, 222, 110, 38, 202, 240, 130, 192, 142, 32, 78, 224,
        102, 220, 178, -3, 212, 134, 120, 228, 62, 114, 100, 104, 84, 0, -1, 174,
        106, 46, 246, -3, 68, 20, 210, -3, 170, 190, 118, 96, 112, 76, 188, 126,
        50, 136, 226, 102, 22, 250, 82, 214, -2, 196, 56, 108, 252, 132, 182, 98,
        184, 162, 138, 58, 244, 64, 122, 28, 4, 26, 14, 48, 80, 200, 198, 18,
        110, 86, 226, 0, 250, 118, 142, 170, 128, 58, 248, 2, 132, 208, 214, 102,
        234, 232, 156, 2, 154, 160, 12, 128, 236, 30, 180, 40, 238, 86, -1, 42,
        248, 150, 52, 54, 74, 10, 102, 194, 186, 94, 92, 172, 152, 128, -3, 216,
    };

    public static ReadOnlySpan<byte> MappingsFlat => new byte[]
    {
        0x0C, 0x0D, 0x0E, 0x0F, 0x00, 0x01, 0x02, 0x03, 0x04, 0x05, 0x06, 0x07, 0x08, 0x09, 0x0A, 0x0B,
        0x04, 0x05, 0x06, 0x07, 0x0C, 0x0D, 0x0E, 0x0F, 0x00, 0x01, 0x02, 0x03, 0x08, 0x09, 0x0A, 0x0B,
        0x00, 0x01, 0x02, 0x03, 0x04, 0x05, 0x06, 0x07, 0x08, 0x09, 0x0A, 0x0B, 0x0C, 0x0D, 0x0E, 0x0F,
        0x00, 0x01, 0x02, 0x03, 0x04, 0x05, 0x06, 0x07, 0x08, 0x09, 0x0A, 0x0B, 0x0C, 0x0D, 0x0E, 0x0F,
        0x03, 0x00, 0x01, 0x02, 0x04, 0x05, 0x06, 0x07, 0x08, 0x09, 0x0A, 0x0B, 0x0C, 0x0D, 0x0E, 0x0F,
        0x0C, 0x0D, 0x0E, 0x0F, 0x08, 0x09, 0x0A, 0x0B, 0xFF, 0xFF, 0xFF, 0xFF, 0xFF, 0xFF, 0xFF, 0xFF,
        0x04, 0x05, 0x06, 0x07, 0x08, 0x09, 0x0A, 0x0B, 0x0C, 0x0D, 0x0E, 0x0F, 0x00, 0x01, 0x02, 0x03,
        0x00, 0x01, 0x02, 0x03, 0x0C, 0x0D, 0x0E, 0x0F, 0x04, 0x05, 0x06, 0x07, 0x08, 0x09, 0x0A, 0x0B,
        0x0C, 0x0D, 0x0E, 0x0F, 0x08, 0x09, 0x0A, 0x0B, 0x00, 0x01, 0x02, 0x03, 0x04, 0x05, 0x06, 0x07,
        0x0C, 0x0D, 0x0E, 0x0F, 0x00, 0x01, 0x02, 0x03, 0x04, 0x05, 0x06, 0x07, 0x08, 0x09, 0x0A, 0x0B,
        0x08, 0x09, 0x0A, 0x0B, 0x04, 0x05, 0x06, 0x07, 0x0C, 0x0D, 0x0E, 0x0F, 0xFF, 0xFF, 0xFF, 0xFF,
        0x00, 0x01, 0x02, 0x03, 0x04, 0x05, 0x06, 0x07, 0x08, 0x09, 0x0A, 0x0B, 0x0C, 0x0D, 0x0E, 0x0F,
        0x0D, 0x0E, 0x0F, 0x0C, 0xFF, 0xFF, 0xFF, 0xFF, 0xFF, 0xFF, 0xFF, 0xFF, 0xFF, 0xFF, 0xFF, 0xFF,
        0x04, 0x05, 0x06, 0x07, 0x00, 0x01, 0x02, 0x03, 0x08, 0x09, 0x0A, 0x0B, 0x0C, 0x0D, 0x0E, 0x0F,
        0x08, 0x09, 0x0A, 0x0B, 0x04, 0x05, 0x06, 0x07, 0x0C, 0x0D, 0x0E, 0x0F, 0xFF, 0xFF, 0xFF, 0xFF,
        0x00, 0x01, 0x02, 0x03, 0x04, 0x05, 0x06, 0x07, 0x0C, 0x0D, 0x0E, 0x0F, 0x08, 0x09, 0x0A, 0x0B,
        0x08, 0x09, 0x0A, 0x0B, 0x04, 0x05, 0x06, 0x07, 0x0C, 0x0D, 0x0E, 0x0F, 0x00, 0x01, 0x02, 0x03,
        0x04, 0x05, 0x06, 0x07, 0x08, 0x09, 0x0A, 0x0B, 0x00, 0x01, 0x02, 0x03, 0x0C, 0x0D, 0x0E, 0x0F,
        0x0C, 0x0D, 0x0E, 0x0F, 0x08, 0x09, 0x0A, 0x0B, 0x00, 0x01, 0x02, 0x03, 0x04, 0x05, 0x06, 0x07,
        0xFF, 0xFF, 0xFF, 0xFF, 0x0C, 0x0D, 0x0E, 0x0F, 0xFF, 0xFF, 0xFF, 0xFF, 0xFF, 0xFF, 0xFF, 0xFF,
        0x00, 0x01, 0x02, 0x03, 0x04, 0x05, 0x06, 0x07, 0x08, 0x09, 0x0A, 0x0B, 0x0C, 0x0D, 0x0E, 0x0F,
        0x0D, 0x0E, 0x0F, 0x0C, 0x00, 0x01, 0x02, 0x03, 0x04, 0x05, 0x06, 0x07, 0x08, 0x09, 0x0A, 0x0B,
        0x00, 0x01, 0x02, 0x03, 0x0C, 0x0D, 0x0E, 0x0F, 0x08, 0x09, 0x0A, 0x0B, 0x04, 0x05, 0x06, 0x07,
        0x0C, 0x0D, 0x0E, 0x0F, 0x00, 0x01, 0x02, 0x03, 0x04, 0x05, 0x06, 0x07, 0x08, 0x09, 0x0A, 0x0B,
        0x0F, 0x0C, 0x0D, 0x0E, 0xFF, 0xFF, 0xFF, 0xFF, 0xFF, 0xFF, 0xFF, 0xFF, 0xFF, 0xFF, 0xFF, 0xFF,
        0x0C, 0x0D, 0x0E, 0x0F, 0xFF, 0xFF, 0xFF, 0xFF, 0xFF, 0xFF, 0xFF, 0xFF, 0xFF, 0xFF, 0xFF, 0xFF,
        0x03, 0x00, 0x01, 0x02, 0xFF, 0xFF, 0xFF, 0xFF, 0xFF, 0xFF, 0xFF, 0xFF, 0xFF, 0xFF, 0xFF, 0xFF,
        0x08, 0x09, 0x0A, 0x0B, 0x0C, 0x0D, 0x0E, 0x0F, 0xFF, 0xFF, 0xFF, 0xFF, 0xFF, 0xFF, 0xFF, 0xFF,
        0x0C, 0x0D, 0x0E, 0x0F, 0x00, 0x01, 0x02, 0x03, 0x08, 0x09, 0x0A, 0x0B, 0x04, 0x05, 0x06, 0x07,
        0x00, 0x01, 0x02, 0x03, 0x04, 0x05, 0x06, 0x07, 0x08, 0x09, 0x0A, 0x0B, 0x0C, 0x0D, 0x0E, 0x0F,
        0x0E, 0x0F, 0x0C, 0x0D, 0xFF, 0xFF, 0xFF, 0xFF, 0xFF, 0xFF, 0xFF, 0xFF, 0xFF, 0xFF, 0xFF, 0xFF,
        0x04, 0x05, 0x06, 0x07, 0x08, 0x09, 0x0A, 0x0B, 0x0C, 0x0D, 0x0E, 0x0F, 0xFF, 0xFF, 0xFF, 0xFF,
        0x0C, 0x0D, 0x0E, 0x0F, 0x08, 0x09, 0x0A, 0x0B, 0xFF, 0xFF, 0xFF, 0xFF, 0xFF, 0xFF, 0xFF, 0xFF,
        0x0A, 0x0B, 0x08, 0x09, 0x0C, 0x0D, 0x0E, 0x0F, 0x00, 0x01, 0x02, 0x03, 0x04, 0x05, 0x06, 0x07,
        0x0C, 0x0D, 0x0E, 0x0F, 0xFF, 0xFF, 0xFF, 0xFF, 0xFF, 0xFF, 0xFF, 0xFF, 0xFF, 0xFF, 0xFF, 0xFF,
        0x0D, 0x0E, 0x0F, 0x0C, 0x00, 0x01, 0x02, 0x03, 0x04, 0x05, 0x06, 0x07, 0x08, 0x09, 0x0A, 0x0B,
        0x04, 0x05, 0x06, 0x07, 0x08, 0x09, 0x0A, 0x0B, 0xFF, 0xFF, 0xFF, 0xFF, 0x0C, 0x0D, 0x0E, 0x0F,
        0x00, 0x01, 0x02, 0x03, 0x04, 0x05, 0x06, 0x07, 0x08, 0x09, 0x0A, 0x0B, 0x0C, 0x0D, 0x0E, 0x0F,
        0x04, 0x05, 0x06, 0x07, 0x00, 0x01, 0x02, 0x03, 0x08, 0x09, 0x0A, 0x0B, 0x0C, 0x0D, 0x0E, 0x0F,
        0x08, 0x09, 0x0A, 0x0B, 0x04, 0x05, 0x06, 0x07, 0x0C, 0x0D, 0x0E, 0x0F, 0x00, 0x01, 0x02, 0x03,
        0xFF, 0xFF, 0xFF, 0xFF, 0x0C, 0x0D, 0x0E, 0x0F, 0xFF, 0xFF, 0xFF, 0xFF, 0x08, 0x09, 0x0A, 0x0B,
        0xFF, 0xFF, 0xFF, 0xFF, 0x08, 0x09, 0x0A, 0x0B, 0x0C, 0x0D, 0x0E, 0x0F, 0x04, 0x05, 0x06, 0x07,
        0x00, 0x01, 0x02, 0x03, 0x04, 0x05, 0x06, 0x07, 0x08, 0x09, 0x0A, 0x0B, 0x0C, 0x0D, 0x0E, 0x0F,
        0x04, 0x05, 0x06, 0x07, 0x00, 0x01, 0x02, 0x03, 0x0C, 0x0D, 0x0E, 0x0F, 0x08, 0x09, 0x0A, 0x0B,
        0x00, 0x01, 0x02, 0x03, 0x04, 0x05, 0x06, 0x07, 0x08, 0x09, 0x0A, 0x0B, 0x0C, 0x0D, 0x0E, 0x0F,
        0x02, 0x03, 0x00, 0x01, 0x04, 0x05, 0x06, 0x07, 0x08, 0x09, 0x0A, 0x0B, 0x0C, 0x0D, 0x0E, 0x0F,
        0x09, 0x0A, 0x0B, 0x08, 0x0C, 0x0D, 0x0E, 0x0F, 0xFF, 0xFF, 0xFF, 0xFF, 0xFF, 0xFF, 0xFF, 0xFF,
        0x05, 0x06, 0x07, 0x04, 0x08, 0x09, 0x0A, 0x0B, 0x0C, 0x0D, 0x0E, 0x0F, 0x00, 0x01, 0x02, 0x03,
        0x0C, 0x0D, 0x0E, 0x0F, 0x08, 0x09, 0x0A, 0x0B, 0xFF, 0xFF, 0xFF, 0xFF, 0xFF, 0xFF, 0xFF, 0xFF,
        0x06, 0x07, 0x04, 0x05, 0x08, 0x09, 0x0A, 0x0B, 0x0C, 0x0D, 0x0E, 0x0F, 0x00, 0x01, 0x02, 0x03,
        0x08, 0x09, 0x0A, 0x0B, 0x04, 0x05, 0x06, 0x07, 0x00, 0x01, 0x02, 0x03, 0x0C, 0x0D, 0x0E, 0x0F,
        0x01, 0x02, 0x03, 0x00, 0x04, 0x05, 0x06, 0x07, 0x08, 0x09, 0x0A, 0x0B, 0x0C, 0x0D, 0x0E, 0x0F,
        0x08, 0x09, 0x0A, 0x0B, 0x04, 0x05, 0x06, 0x07, 0xFF, 0xFF, 0xFF, 0xFF, 0x0C, 0x0D, 0x0E, 0x0F,
        0x0C, 0x0D, 0x0E, 0x0F, 0x08, 0x09, 0x0A, 0x0B, 0x00, 0x01, 0x02, 0x03, 0x04, 0x05, 0x06, 0x07,
        0x08, 0x09, 0x0A, 0x0B, 0x04, 0x05, 0x06, 0x07, 0x00, 0x01, 0x02, 0x03, 0x0C, 0x0D, 0x0E, 0x0F,
        0x00, 0x01, 0x02, 0x03, 0x0C, 0x0D, 0x0E, 0x0F, 0x08, 0x09, 0x0A, 0x0B, 0x04, 0x05, 0x06, 0x07,
        0x00, 0x01, 0x02, 0x03, 0x04, 0x05, 0x06, 0x07, 0x08, 0x09, 0x0A, 0x0B, 0x0C, 0x0D, 0x0E, 0x0F,
        0x00, 0x01, 0x02, 0x03, 0x08, 0x09, 0x0A, 0x0B, 0x0C, 0x0D, 0x0E, 0x0F, 0x04, 0x05, 0x06, 0x07,
        0x01, 0x02, 0x03, 0x00, 0xFF, 0xFF, 0xFF, 0xFF, 0xFF, 0xFF, 0xFF, 0xFF, 0xFF, 0xFF, 0xFF, 0xFF,
        0x0C, 0x0D, 0x0E, 0x0F, 0xFF, 0xFF, 0xFF, 0xFF, 0xFF, 0xFF, 0xFF, 0xFF, 0xFF, 0xFF, 0xFF, 0xFF,
        0x00, 0x01, 0x02, 0x03, 0x04, 0x05, 0x06, 0x07, 0x08, 0x09, 0x0A, 0x0B, 0x0C, 0x0D, 0x0E, 0x0F,
        0x0F, 0x0C, 0x0D, 0x0E, 0xFF, 0xFF, 0xFF, 0xFF, 0xFF, 0xFF, 0xFF, 0xFF, 0xFF, 0xFF, 0xFF, 0xFF,
        0x0E, 0x0F, 0x0C, 0x0D, 0x00, 0x01, 0x02, 0x03, 0x04, 0x05, 0x06, 0x07, 0x08, 0x09, 0x0A, 0x0B,
        0x0B, 0x08, 0x09, 0x0A, 0x0C, 0x0D, 0x0E, 0x0F, 0x00, 0x01, 0x02, 0x03, 0x04, 0x05, 0x06, 0x07,
        0x05, 0x06, 0x07, 0x04, 0x08, 0x09, 0x0A, 0x0B, 0x0C, 0x0D, 0x0E, 0x0F, 0x00, 0x01, 0x02, 0x03,
        0xFF, 0xFF, 0xFF, 0xFF, 0x0C, 0x0D, 0x0E, 0x0F, 0xFF, 0xFF, 0xFF, 0xFF, 0xFF, 0xFF, 0xFF, 0xFF,
        0x00, 0x01, 0x02, 0x03, 0x04, 0x05, 0x06, 0x07, 0x08, 0x09, 0x0A, 0x0B, 0x0C, 0x0D, 0x0E, 0x0F,
        0x0D, 0x0E, 0x0F, 0x0C, 0x00, 0x01, 0x02, 0x03, 0x04, 0x05, 0x06, 0x07, 0x08, 0x09, 0x0A, 0x0B,
        0x00, 0x01, 0x02, 0x03, 0x04, 0x05, 0x06, 0x07, 0x08, 0x09, 0x0A, 0x0B, 0x0C, 0x0D, 0x0E, 0x0F,
        0x0D, 0x0E, 0x0F, 0x0C, 0xFF, 0xFF, 0xFF, 0xFF, 0xFF, 0xFF, 0xFF, 0xFF, 0xFF, 0xFF, 0xFF, 0xFF,
        0x00, 0x01, 0x02, 0x03, 0x04, 0x05, 0x06, 0x07, 0x08, 0x09, 0x0A, 0x0B, 0x0C, 0x0D, 0x0E, 0x0F,
        0x01, 0x02, 0x03, 0x00, 0x04, 0x05, 0x06, 0x07, 0x08, 0x09, 0x0A, 0x0B, 0x0C, 0x0D, 0x0E, 0x0F,
        0x00, 0x01, 0x02, 0x03, 0x04, 0x05, 0x06, 0x07, 0x08, 0x09, 0x0A, 0x0B, 0x0C, 0x0D, 0x0E, 0x0F,
        0x01, 0x02, 0x03, 0x00, 0x04, 0x05, 0x06, 0x07, 0x08, 0x09, 0x0A, 0x0B, 0x0C, 0x0D, 0x0E, 0x0F,
        0x04, 0x05, 0x06, 0x07, 0x08, 0x09, 0x0A, 0x0B, 0x0C, 0x0D, 0x0E, 0x0F, 0x00, 0x01, 0x02, 0x03,
        0x0B, 0x08, 0x09, 0x0A, 0x0C, 0x0D, 0x0E, 0x0F, 0x00, 0x01, 0x02, 0x03, 0x04, 0x05, 0x06, 0x07,
        0x0C, 0x0D, 0x0E, 0x0F, 0xFF, 0xFF, 0xFF, 0xFF, 0xFF, 0xFF, 0xFF, 0xFF, 0xFF, 0xFF, 0xFF, 0xFF,
        0xFF, 0xFF, 0xFF, 0xFF, 0x0C, 0x0D, 0x0E, 0x0F, 0xFF, 0xFF, 0xFF, 0xFF, 0x08, 0x09, 0x0A, 0x0B,
        0x00, 0x01, 0x02, 0x03, 0x0C, 0x0D, 0x0E, 0x0F, 0x04, 0x05, 0x06, 0x07, 0x08, 0x09, 0x0A, 0x0B,
        0x0C, 0x0D, 0x0E, 0x0F, 0x04, 0x05, 0x06, 0x07, 0x08, 0x09, 0x0A, 0x0B, 0x00, 0x01, 0x02, 0x03,
        0x08, 0x09, 0x0A, 0x0B, 0x04, 0x05, 0x06, 0x07, 0x0C, 0x0D, 0x0E, 0x0F, 0x00, 0x01, 0x02, 0x03,
        0x06, 0x07, 0x04, 0x05, 0x08, 0x09, 0x0A, 0x0B, 0x0C, 0x0D, 0x0E, 0x0F, 0x00, 0x01, 0x02, 0x03,
        0x08, 0x09, 0x0A, 0x0B, 0x0C, 0x0D, 0x0E, 0x0F, 0xFF, 0xFF, 0xFF, 0xFF, 0xFF, 0xFF, 0xFF, 0xFF,
        0x0C, 0x0D, 0x0E, 0x0F, 0x00, 0x01, 0x02, 0x03, 0x04, 0x05, 0x06, 0x07, 0x08, 0x09, 0x0A, 0x0B,
        0x00, 0x01, 0x02, 0x03, 0x0C, 0x0D, 0x0E, 0x0F, 0x04, 0x05, 0x06, 0x07, 0x08, 0x09, 0x0A, 0x0B,
        0x08, 0x09, 0x0A, 0x0B, 0x04, 0x05, 0x06, 0x07, 0x00, 0x01, 0x02, 0x03, 0x0C, 0x0D, 0x0E, 0x0F,
        0x08, 0x09, 0x0A, 0x0B, 0x0C, 0x0D, 0x0E, 0x0F, 0x04, 0x05, 0x06, 0x07, 0x00, 0x01, 0x02, 0x03,
        0x00, 0x01, 0x02, 0x03, 0x04, 0x05, 0x06, 0x07, 0x08, 0x09, 0x0A, 0x0B, 0x0C, 0x0D, 0x0E, 0x0F,
        0x08, 0x09, 0x0A, 0x0B, 0x0C, 0x0D, 0x0E, 0x0F, 0x04, 0x05, 0x06, 0x07, 0x00, 0x01, 0x02, 0x03,
        0x05, 0x06, 0x07, 0x04, 0x08, 0x09, 0x0A, 0x0B, 0x0C, 0x0D, 0x0E, 0x0F, 0x00, 0x01, 0x02, 0x03,
        0x0C, 0x0D, 0x0E, 0x0F, 0x00, 0x01, 0x02, 0x03, 0x04, 0x05, 0x06, 0x07, 0x08, 0x09, 0x0A, 0x0B,
        0x0D, 0x0E, 0x0F, 0x0C, 0xFF, 0xFF, 0xFF, 0xFF, 0xFF, 0xFF, 0xFF, 0xFF, 0xFF, 0xFF, 0xFF, 0xFF,
        0x09, 0x0A, 0x0B, 0x08, 0x0C, 0x0D, 0x0E, 0x0F, 0x00, 0x01, 0x02, 0x03, 0x04, 0x05, 0x06, 0x07,
        0x0C, 0x0D, 0x0E, 0x0F, 0x00, 0x01, 0x02, 0x03, 0x08, 0x09, 0x0A, 0x0B, 0x04, 0x05, 0x06, 0x07,
        0x00, 0x01, 0x02, 0x03, 0x08, 0x09, 0x0A, 0x0B, 0x0C, 0x0D, 0x0E, 0x0F, 0x04, 0x05, 0x06, 0x07,
        0x0B, 0x08, 0x09, 0x0A, 0x0C, 0x0D, 0x0E, 0x0F, 0x00, 0x01, 0x02, 0x03, 0x04, 0x05, 0x06, 0x07,
        0x00, 0x01, 0x02, 0x03, 0x04, 0x05, 0x06, 0x07, 0x08, 0x09, 0x0A, 0x0B, 0x0C, 0x0D, 0x0E, 0x0F,
        0x00, 0x01, 0x02, 0x03, 0x04, 0x05, 0x06, 0x07, 0x08, 0x09, 0x0A, 0x0B, 0x0C, 0x0D, 0x0E, 0x0F,
        0x0C, 0x0D, 0x0E, 0x0F, 0x08, 0x09, 0x0A, 0x0B, 0xFF, 0xFF, 0xFF, 0xFF, 0xFF, 0xFF, 0xFF, 0xFF,
        0x0E, 0x0F, 0x0C, 0x0D, 0x00, 0x01, 0x02, 0x03, 0x04, 0x05, 0x06, 0x07, 0x08, 0x09, 0x0A, 0x0B,
        0x08, 0x09, 0x0A, 0x0B, 0x0C, 0x0D, 0x0E, 0x0F, 0x00, 0x01, 0x02, 0x03, 0x04, 0x05, 0x06, 0x07,
        0x03, 0x00, 0x01, 0x02, 0x04, 0x05, 0x06, 0x07, 0x08, 0x09, 0x0A, 0x0B, 0x0C, 0x0D, 0x0E, 0x0F,
        0x04, 0x05, 0x06, 0x07, 0x0C, 0x0D, 0x0E, 0x0F, 0x00, 0x01, 0x02, 0x03, 0x08, 0x09, 0x0A, 0x0B,
        0x01, 0x02, 0x03, 0x00, 0x04, 0x05, 0x06, 0x07, 0x08, 0x09, 0x0A, 0x0B, 0x0C, 0x0D, 0x0E, 0x0F,
        0x04, 0x05, 0x06, 0x07, 0x0C, 0x0D, 0x0E, 0x0F, 0x00, 0x01, 0x02, 0x03, 0x08, 0x09, 0x0A, 0x0B,
        0x07, 0x04, 0x05, 0x06, 0x08, 0x09, 0x0A, 0x0B, 0x0C, 0x0D, 0x0E, 0x0F, 0xFF, 0xFF, 0xFF, 0xFF,
        0x07, 0x04, 0x05, 0x06, 0x08, 0x09, 0x0A, 0x0B, 0x0C, 0x0D, 0x0E, 0x0F, 0xFF, 0xFF, 0xFF, 0xFF,
        0x05, 0x06, 0x07, 0x04, 0x08, 0x09, 0x0A, 0x0B, 0x0C, 0x0D, 0x0E, 0x0F, 0xFF, 0xFF, 0xFF, 0xFF,
        0xFF, 0xFF, 0xFF, 0xFF, 0x0C, 0x0D, 0x0E, 0x0F, 0xFF, 0xFF, 0xFF, 0xFF, 0x08, 0x09, 0x0A, 0x0B,
        0x08, 0x09, 0x0A, 0x0B, 0x0C, 0x0D, 0x0E, 0x0F, 0xFF, 0xFF, 0xFF, 0xFF, 0xFF, 0xFF, 0xFF, 0xFF,
        0x0E, 0x0F, 0x0C, 0x0D, 0xFF, 0xFF, 0xFF, 0xFF, 0xFF, 0xFF, 0xFF, 0xFF, 0xFF, 0xFF, 0xFF, 0xFF,
        0x0D, 0x0E, 0x0F, 0x0C, 0x00, 0x01, 0x02, 0x03, 0x04, 0x05, 0x06, 0x07, 0x08, 0x09, 0x0A, 0x0B,
        0x04, 0x05, 0x06, 0x07, 0x08, 0x09, 0x0A, 0x0B, 0x00, 0x01, 0x02, 0x03, 0x0C, 0x0D, 0x0E, 0x0F,
        0x0C, 0x0D, 0x0E, 0x0F, 0x08, 0x09, 0x0A, 0x0B, 0x04, 0x05, 0x06, 0x07, 0x00, 0x01, 0x02, 0x03,
        0x00, 0x01, 0x02, 0x03, 0x04, 0x05, 0x06, 0x07, 0x08, 0x09, 0x0A, 0x0B, 0x0C, 0x0D, 0x0E, 0x0F,
        0x00, 0x01, 0x02, 0x03, 0x08, 0x09, 0x0A, 0x0B, 0x0C, 0x0D, 0x0E, 0x0F, 0x04, 0x05, 0x06, 0x07,
        0x0C, 0x0D, 0x0E, 0x0F, 0xFF, 0xFF, 0xFF, 0xFF, 0xFF, 0xFF, 0xFF, 0xFF, 0xFF, 0xFF, 0xFF, 0xFF,
        0x03, 0x00, 0x01, 0x02, 0x04, 0x05, 0x06, 0x07, 0x08, 0x09, 0x0A, 0x0B, 0x0C, 0x0D, 0x0E, 0x0F,
        0x0C, 0x0D, 0x0E, 0x0F, 0x08, 0x09, 0x0A, 0x0B, 0xFF, 0xFF, 0xFF, 0xFF, 0xFF, 0xFF, 0xFF, 0xFF,
        0x0E, 0x0F, 0x0C, 0x0D, 0xFF, 0xFF, 0xFF, 0xFF, 0xFF, 0xFF, 0xFF, 0xFF, 0xFF, 0xFF, 0xFF, 0xFF,
        0xFF, 0xFF, 0xFF, 0xFF, 0xFF, 0xFF, 0xFF, 0xFF, 0xFF, 0xFF, 0xFF, 0xFF, 0x0C, 0x0D, 0x0E, 0x0F,
        0x00, 0x01, 0x02, 0x03, 0x04, 0x05, 0x06, 0x07, 0x08, 0x09, 0x0A, 0x0B, 0x0C, 0x0D, 0x0E, 0x0F,
        0x0F, 0x0C, 0x0D, 0x0E, 0x00, 0x01, 0x02, 0x03, 0x04, 0x05, 0x06, 0x07, 0x08, 0x09, 0x0A, 0x0B,
        0x09, 0x0A, 0x0B, 0x08, 0x0C, 0x0D, 0x0E, 0x0F, 0x00, 0x01, 0x02, 0x03, 0x04, 0x05, 0x06, 0x07,
        0x0C, 0x0D, 0x0E, 0x0F, 0xFF, 0xFF, 0xFF, 0xFF, 0xFF, 0xFF, 0xFF, 0xFF, 0xFF, 0xFF, 0xFF, 0xFF,
        0x00, 0x01, 0x02, 0x03, 0x04, 0x05, 0x06, 0x07, 0x0C, 0x0D, 0x0E, 0x0F, 0x08, 0x09, 0x0A, 0x0B,
        0x00, 0x01, 0x02, 0x03, 0x04, 0x05, 0x06, 0x07, 0x08, 0x09, 0x0A, 0x0B, 0x0C, 0x0D, 0x0E, 0x0F,
        0x04, 0x05, 0x06, 0x07, 0x08, 0x09, 0x0A, 0x0B, 0xFF, 0xFF, 0xFF, 0xFF, 0x0C, 0x0D, 0x0E, 0x0F,
        0x00, 0x01, 0x02, 0x03, 0x04, 0x05, 0x06, 0x07, 0x08, 0x09, 0x0A, 0x0B, 0x0C, 0x0D, 0x0E, 0x0F,
        0x06, 0x07, 0x04, 0x05, 0x08, 0x09, 0x0A, 0x0B, 0x0C, 0x0D, 0x0E, 0x0F, 0xFF, 0xFF, 0xFF, 0xFF,
        0x00, 0x01, 0x02, 0x03, 0x04, 0x05, 0x06, 0x07, 0x0C, 0x0D, 0x0E, 0x0F, 0x08, 0x09, 0x0A, 0x0B,
        0xFF, 0xFF, 0xFF, 0xFF, 0x0C, 0x0D, 0x0E, 0x0F, 0xFF, 0xFF, 0xFF, 0xFF, 0xFF, 0xFF, 0xFF, 0xFF,
        0x02, 0x03, 0x00, 0x01, 0x04, 0x05, 0x06, 0x07, 0x08, 0x09, 0x0A, 0x0B, 0x0C, 0x0D, 0x0E, 0x0F,
        0x00, 0x01, 0x02, 0x03, 0x08, 0x09, 0x0A, 0x0B, 0x0C, 0x0D, 0x0E, 0x0F, 0x04, 0x05, 0x06, 0x07,
        0xFF, 0xFF, 0xFF, 0xFF, 0xFF, 0xFF, 0xFF, 0xFF, 0xFF, 0xFF, 0xFF, 0xFF, 0x0C, 0x0D, 0x0E, 0x0F,
        0x00, 0x01, 0x02, 0x03, 0x04, 0x05, 0x06, 0x07, 0x08, 0x09, 0x0A, 0x0B, 0x0C, 0x0D, 0x0E, 0x0F,
        0x04, 0x05, 0x06, 0x07, 0x00, 0x01, 0x02, 0x03, 0x08, 0x09, 0x0A, 0x0B, 0x0C, 0x0D, 0x0E, 0x0F,
        0x08, 0x09, 0x0A, 0x0B, 0x0C, 0x0D, 0x0E, 0x0F, 0xFF, 0xFF, 0xFF, 0xFF, 0xFF, 0xFF, 0xFF, 0xFF,
        0x00, 0x01, 0x02, 0x03, 0x04, 0x05, 0x06, 0x07, 0x08, 0x09, 0x0A, 0x0B, 0x0C, 0x0D, 0x0E, 0x0F,
        0x07, 0x04, 0x05, 0x06, 0x08, 0x09, 0x0A, 0x0B, 0x0C, 0x0D, 0x0E, 0x0F, 0x00, 0x01, 0x02, 0x03,
        0x0F, 0x0C, 0x0D, 0x0E, 0xFF, 0xFF, 0xFF, 0xFF, 0xFF, 0xFF, 0xFF, 0xFF, 0xFF, 0xFF, 0xFF, 0xFF,
        0x0C, 0x0D, 0x0E, 0x0F, 0x08, 0x09, 0x0A, 0x0B, 0x00, 0x01, 0x02, 0x03, 0x04, 0x05, 0x06, 0x07,
        0x0E, 0x0F, 0x0C, 0x0D, 0x00, 0x01, 0x02, 0x03, 0x04, 0x05, 0x06, 0x07, 0x08, 0x09, 0x0A, 0x0B,
        0x06, 0x07, 0x04, 0x05, 0x08, 0x09, 0x0A, 0x0B, 0x0C, 0x0D, 0x0E, 0x0F, 0x00, 0x01, 0x02, 0x03,
        0x08, 0x09, 0x0A, 0x0B, 0x04, 0x05, 0x06, 0x07, 0x00, 0x01, 0x02, 0x03, 0x0C, 0x0D, 0x0E, 0x0F,
        0x0B, 0x08, 0x09, 0x0A, 0x0C, 0x0D, 0x0E, 0x0F, 0xFF, 0xFF, 0xFF, 0xFF, 0xFF, 0xFF, 0xFF, 0xFF,
        0x0D, 0x0E, 0x0F, 0x0C, 0x00, 0x01, 0x02, 0x03, 0x04, 0x05, 0x06, 0x07, 0x08, 0x09, 0x0A, 0x0B,
        0x0A, 0x0B, 0x08, 0x09, 0x0C, 0x0D, 0x0E, 0x0F, 0xFF, 0xFF, 0xFF, 0xFF, 0xFF, 0xFF, 0xFF, 0xFF,
        0x0B, 0x08, 0x09, 0x0A, 0x0C, 0x0D, 0x0E, 0x0F, 0xFF, 0xFF, 0xFF, 0xFF, 0xFF, 0xFF, 0xFF, 0xFF,
        0x04, 0x05, 0x06, 0x07, 0x08, 0x09, 0x0A, 0x0B, 0x0C, 0x0D, 0x0E, 0x0F, 0x00, 0x01, 0x02, 0x03,
        0x0C, 0x0D, 0x0E, 0x0F, 0x04, 0x05, 0x06, 0x07, 0x08, 0x09, 0x0A, 0x0B, 0x00, 0x01, 0x02, 0x03,
        0x08, 0x09, 0x0A, 0x0B, 0x00, 0x01, 0x02, 0x03, 0x04, 0x05, 0x06, 0x07, 0x0C, 0x0D, 0x0E, 0x0F,
        0x09, 0x0A, 0x0B, 0x08, 0x0C, 0x0D, 0x0E, 0x0F, 0x00, 0x01, 0x02, 0x03, 0x04, 0x05, 0x06, 0x07,
        0x0E, 0x0F, 0x0C, 0x0D, 0xFF, 0xFF, 0xFF, 0xFF, 0xFF, 0xFF, 0xFF, 0xFF, 0xFF, 0xFF, 0xFF, 0xFF,
        0xFF, 0xFF, 0xFF, 0xFF, 0xFF, 0xFF, 0xFF, 0xFF, 0xFF, 0xFF, 0xFF, 0xFF, 0x0C, 0x0D, 0x0E, 0x0F,
        0x0C, 0x0D, 0x0E, 0x0F, 0x08, 0x09, 0x0A, 0x0B, 0x04, 0x05, 0x06, 0x07, 0x00, 0x01, 0x02, 0x03,
        0x00, 0x01, 0x02, 0x03, 0x0C, 0x0D, 0x0E, 0x0F, 0x04, 0x05, 0x06, 0x07, 0x08, 0x09, 0x0A, 0x0B,
        0x0C, 0x0D, 0x0E, 0x0F, 0x04, 0x05, 0x06, 0x07, 0x08, 0x09, 0x0A, 0x0B, 0x00, 0x01, 0x02, 0x03,
        0x09, 0x0A, 0x0B, 0x08, 0x0C, 0x0D, 0x0E, 0x0F, 0xFF, 0xFF, 0xFF, 0xFF, 0xFF, 0xFF, 0xFF, 0xFF,
        0x00, 0x01, 0x02, 0x03, 0x04, 0x05, 0x06, 0x07, 0x08, 0x09, 0x0A, 0x0B, 0x0C, 0x0D, 0x0E, 0x0F,
        0x08, 0x09, 0x0A, 0x0B, 0x00, 0x01, 0x02, 0x03, 0x04, 0x05, 0x06, 0x07, 0x0C, 0x0D, 0x0E, 0x0F,
        0x04, 0x05, 0x06, 0x07, 0x00, 0x01, 0x02, 0x03, 0x0C, 0x0D, 0x0E, 0x0F, 0x08, 0x09, 0x0A, 0x0B,
        0x04, 0x05, 0x06, 0x07, 0x08, 0x09, 0x0A, 0x0B, 0x0C, 0x0D, 0x0E, 0x0F, 0xFF, 0xFF, 0xFF, 0xFF,
        0x02, 0x03, 0x00, 0x01, 0x04, 0x05, 0x06, 0x07, 0x08, 0x09, 0x0A, 0x0B, 0x0C, 0x0D, 0x0E, 0x0F,
        0x0C, 0x0D, 0x0E, 0x0F, 0x08, 0x09, 0x0A, 0x0B, 0x04, 0x05, 0x06, 0x07, 0x00, 0x01, 0x02, 0x03,
        0x08, 0x09, 0x0A, 0x0B, 0x04, 0x05, 0x06, 0x07, 0x0C, 0x0D, 0x0E, 0x0F, 0x00, 0x01, 0x02, 0x03,
        0x05, 0x06, 0x07, 0x04, 0x08, 0x09, 0x0A, 0x0B, 0x0C, 0x0D, 0x0E, 0x0F, 0xFF, 0xFF, 0xFF, 0xFF,
        0x00, 0x01, 0x02, 0x03, 0x08, 0x09, 0x0A, 0x0B, 0x0C, 0x0D, 0x0E, 0x0F, 0x04, 0x05, 0x06, 0x07,
        0x00, 0x01, 0x02, 0x03, 0x04, 0x05, 0x06, 0x07, 0x08, 0x09, 0x0A, 0x0B, 0x0C, 0x0D, 0x0E, 0x0F,
        0x0B, 0x08, 0x09, 0x0A, 0x0C, 0x0D, 0x0E, 0x0F, 0x00, 0x01, 0x02, 0x03, 0x04, 0x05, 0x06, 0x07,
        0x0C, 0x0D, 0x0E, 0x0F, 0xFF, 0xFF, 0xFF, 0xFF, 0xFF, 0xFF, 0xFF, 0xFF, 0xFF, 0xFF, 0xFF, 0xFF,
        0x04, 0x05, 0x06, 0x07, 0x00, 0x01, 0x02, 0x03, 0x08, 0x09, 0x0A, 0x0B, 0x0C, 0x0D, 0x0E, 0x0F,
        0xFF, 0xFF, 0xFF, 0xFF, 0x0C, 0x0D, 0x0E, 0x0F, 0xFF, 0xFF, 0xFF, 0xFF, 0xFF, 0xFF, 0xFF, 0xFF,
        0x08, 0x09, 0x0A, 0x0B, 0x00, 0x01, 0x02, 0x03, 0x04, 0x05, 0x06, 0x07, 0x0C, 0x0D, 0x0E, 0x0F,
        0x07, 0x04, 0x05, 0x06, 0x08, 0x09, 0x0A, 0x0B, 0x0C, 0x0D, 0x0E, 0x0F, 0x00, 0x01, 0x02, 0x03,
        0x06, 0x07, 0x04, 0x05, 0x08, 0x09, 0x0A, 0x0B, 0x0C, 0x0D, 0x0E, 0x0F, 0x00, 0x01, 0x02, 0x03,
        0xFF, 0xFF, 0xFF, 0xFF, 0x08, 0x09, 0x0A, 0x0B, 0x0C, 0x0D, 0x0E, 0x0F, 0x04, 0x05, 0x06, 0x07,
        0x00, 0x01, 0x02, 0x03, 0x04, 0x05, 0x06, 0x07, 0x08, 0x09, 0x0A, 0x0B, 0x0C, 0x0D, 0x0E, 0x0F,
        0x04, 0x05, 0x06, 0x07, 0x00, 0x01, 0x02, 0x03, 0x0C, 0x0D, 0x0E, 0x0F, 0x08, 0x09, 0x0A, 0x0B,
        0x0F, 0x0C, 0x0D, 0x0E, 0x00, 0x01, 0x02, 0x03, 0x04, 0x05, 0x06, 0x07, 0x08, 0x09, 0x0A, 0x0B,
        0x07, 0x04, 0x05, 0x06, 0x08, 0x09, 0x0A, 0x0B, 0x0C, 0x0D, 0x0E, 0x0F, 0xFF, 0xFF, 0xFF, 0xFF,
        0x09, 0x0A, 0x0B, 0x08, 0x0C, 0x0D, 0x0E, 0x0F, 0xFF, 0xFF, 0xFF, 0xFF, 0xFF, 0xFF, 0xFF, 0xFF,
        0x0C, 0x0D, 0x0E, 0x0F, 0x00, 0x01, 0x02, 0x03, 0x08, 0x09, 0x0A, 0x0B, 0x04, 0x05, 0x06, 0x07,
        0x00, 0x01, 0x02, 0x03, 0x04, 0x05, 0x06, 0x07, 0x08, 0x09, 0x0A, 0x0B, 0x0C, 0x0D, 0x0E, 0x0F,
        0x02, 0x03, 0x00, 0x01, 0x04, 0x05, 0x06, 0x07, 0x08, 0x09, 0x0A, 0x0B, 0x0C, 0x0D, 0x0E, 0x0F,
        0x0C, 0x0D, 0x0E, 0x0F, 0xFF, 0xFF, 0xFF, 0xFF, 0xFF, 0xFF, 0xFF, 0xFF, 0xFF, 0xFF, 0xFF, 0xFF,
        0x09, 0x0A, 0x0B, 0x08, 0x0C, 0x0D, 0x0E, 0x0F, 0x00, 0x01, 0x02, 0x03, 0x04, 0x05, 0x06, 0x07,
        0x00, 0x01, 0x02, 0x03, 0x04, 0x05, 0x06, 0x07, 0x08, 0x09, 0x0A, 0x0B, 0x0C, 0x0D, 0x0E, 0x0F,
        0x08, 0x09, 0x0A, 0x0B, 0x0C, 0x0D, 0x0E, 0x0F, 0x00, 0x01, 0x02, 0x03, 0x04, 0x05, 0x06, 0x07,
        0x0A, 0x0B, 0x08, 0x09, 0x0C, 0x0D, 0x0E, 0x0F, 0x00, 0x01, 0x02, 0x03, 0x04, 0x05, 0x06, 0x07,
        0x0D, 0x0E, 0x0F, 0x0C, 0x00, 0x01, 0x02, 0x03, 0x04, 0x05, 0x06, 0x07, 0x08, 0x09, 0x0A, 0x0B,
        0x00, 0x01, 0x02, 0x03, 0x04, 0x05, 0x06, 0x07, 0x0C, 0x0D, 0x0E, 0x0F, 0x08, 0x09, 0x0A, 0x0B,
        0x03, 0x00, 0x01, 0x02, 0x04, 0x05, 0x06, 0x07, 0x08, 0x09, 0x0A, 0x0B, 0x0C, 0x0D, 0x0E, 0x0F,
        0x08, 0x09, 0x0A, 0x0B, 0x04, 0x05, 0x06, 0x07, 0x00, 0x01, 0x02, 0x03, 0x0C, 0x0D, 0x0E, 0x0F,
        0x0C, 0x0D, 0x0E, 0x0F, 0x08, 0x09, 0x0A, 0x0B, 0xFF, 0xFF, 0xFF, 0xFF, 0xFF, 0xFF, 0xFF, 0xFF,
        0x00, 0x01, 0x02, 0x03, 0x04, 0x05, 0x06, 0x07, 0x08, 0x09, 0x0A, 0x0B, 0x0C, 0x0D, 0x0E, 0x0F,
        0x06, 0x07, 0x04, 0x05, 0x08, 0x09, 0x0A, 0x0B, 0x0C, 0x0D, 0x0E, 0x0F, 0xFF, 0xFF, 0xFF, 0xFF,
        0x09, 0x0A, 0x0B, 0x08, 0x0C, 0x0D, 0x0E, 0x0F, 0x00, 0x01, 0x02, 0x03, 0x04, 0x05, 0x06, 0x07,
        0x0F, 0x0C, 0x0D, 0x0E, 0x00, 0x01, 0x02, 0x03, 0x04, 0x05, 0x06, 0x07, 0x08, 0x09, 0x0A, 0x0B,
        0x0E, 0x0F, 0x0C, 0x0D, 0x00, 0x01, 0x02, 0x03, 0x04, 0x05, 0x06, 0x07, 0x08, 0x09, 0x0A, 0x0B,
        0x04, 0x05, 0x06, 0x07, 0x08, 0x09, 0x0A, 0x0B, 0xFF, 0xFF, 0xFF, 0xFF, 0x0C, 0x0D, 0x0E, 0x0F,
        0x0C, 0x0D, 0x0E, 0x0F, 0x08, 0x09, 0x0A, 0x0B, 0xFF, 0xFF, 0xFF, 0xFF, 0xFF, 0xFF, 0xFF, 0xFF,
        0x08, 0x09, 0x0A, 0x0B, 0x0C, 0x0D, 0x0E, 0x0F, 0xFF, 0xFF, 0xFF, 0xFF, 0xFF, 0xFF, 0xFF, 0xFF,
        0x00, 0x01, 0x02, 0x03, 0x04, 0x05, 0x06, 0x07, 0x08, 0x09, 0x0A, 0x0B, 0x0C, 0x0D, 0x0E, 0x0F,
        0x08, 0x09, 0x0A, 0x0B, 0x04, 0x05, 0x06, 0x07, 0xFF, 0xFF, 0xFF, 0xFF, 0x0C, 0x0D, 0x0E, 0x0F,
        0x0B, 0x08, 0x09, 0x0A, 0x0C, 0x0D, 0x0E, 0x0F, 0x00, 0x01, 0x02, 0x03, 0x04, 0x05, 0x06, 0x07,
        0x0A, 0x0B, 0x08, 0x09, 0x0C, 0x0D, 0x0E, 0x0F, 0xFF, 0xFF, 0xFF, 0xFF, 0xFF, 0xFF, 0xFF, 0xFF,
        0x08, 0x09, 0x0A, 0x0B, 0x04, 0x05, 0x06, 0x07, 0x0C, 0x0D, 0x0E, 0x0F, 0x00, 0x01, 0x02, 0x03,
        0xFF, 0xFF, 0xFF, 0xFF, 0xFF, 0xFF, 0xFF, 0xFF, 0xFF, 0xFF, 0xFF, 0xFF, 0x0C, 0x0D, 0x0E, 0x0F,
        0x00, 0x01, 0x02, 0x03, 0x04, 0x05, 0x06, 0x07, 0x08, 0x09, 0x0A, 0x0B, 0x0C, 0x0D, 0x0E, 0x0F,
        0x05, 0x06, 0x07, 0x04, 0x08, 0x09, 0x0A, 0x0B, 0x0C, 0x0D, 0x0E, 0x0F, 0x00, 0x01, 0x02, 0x03,
        0xFF, 0xFF, 0xFF, 0xFF, 0x0C, 0x0D, 0x0E, 0x0F, 0xFF, 0xFF, 0xFF, 0xFF, 0xFF, 0xFF, 0xFF, 0xFF,
        0x08, 0x09, 0x0A, 0x0B, 0x0C, 0x0D, 0x0E, 0x0F, 0xFF, 0xFF, 0xFF, 0xFF, 0xFF, 0xFF, 0xFF, 0xFF,
        0x04, 0x05, 0x06, 0x07, 0x00, 0x01, 0x02, 0x03, 0x0C, 0x0D, 0x0E, 0x0F, 0x08, 0x09, 0x0A, 0x0B,
        0x0C, 0x0D, 0x0E, 0x0F, 0xFF, 0xFF, 0xFF, 0xFF, 0xFF, 0xFF, 0xFF, 0xFF, 0xFF, 0xFF, 0xFF, 0xFF,
        0x00, 0x01, 0x02, 0x03, 0x04, 0x05, 0x06, 0x07, 0x08, 0x09, 0x0A, 0x0B, 0x0C, 0x0D, 0x0E, 0x0F,
        0x0C, 0x0D, 0x0E, 0x0F, 0xFF, 0xFF, 0xFF, 0xFF, 0xFF, 0xFF, 0xFF, 0xFF, 0xFF, 0xFF, 0xFF, 0xFF,
        0x00, 0x01, 0x02, 0x03, 0x04, 0x05, 0x06, 0x07, 0x08, 0x09, 0x0A, 0x0B, 0x0C, 0x0D, 0x0E, 0x0F,
        0x0C, 0x0D, 0x0E, 0x0F, 0x08, 0x09, 0x0A, 0x0B, 0xFF, 0xFF, 0xFF, 0xFF, 0xFF, 0xFF, 0xFF, 0xFF,
        0x04, 0x05, 0x06, 0x07, 0x00, 0x01, 0x02, 0x03, 0x08, 0x09, 0x0A, 0x0B, 0x0C, 0x0D, 0x0E, 0x0F,
        0x03, 0x00, 0x01, 0x02, 0x04, 0x05, 0x06, 0x07, 0x08, 0x09, 0x0A, 0x0B, 0x0C, 0x0D, 0x0E, 0x0F,
        0x0B, 0x08, 0x09, 0x0A, 0x0C, 0x0D, 0x0E, 0x0F, 0xFF, 0xFF, 0xFF, 0xFF, 0xFF, 0xFF, 0xFF, 0xFF,
        0x08, 0x09, 0x0A, 0x0B, 0x0C, 0x0D, 0x0E, 0x0F, 0x04, 0x05, 0x06, 0x07, 0x00, 0x01, 0x02, 0x03,
        0x06, 0x07, 0x04, 0x05, 0x08, 0x09, 0x0A, 0x0B, 0x0C, 0x0D, 0x0E, 0x0F, 0xFF, 0xFF, 0xFF, 0xFF,
        0x0C, 0x0D, 0x0E, 0x0F, 0x04, 0x05, 0x06, 0x07, 0x08, 0x09, 0x0A, 0x0B, 0x00, 0x01, 0x02, 0x03,
        0x08, 0x09, 0x0A, 0x0B, 0x0C, 0x0D, 0x0E, 0x0F, 0xFF, 0xFF, 0xFF, 0xFF, 0xFF, 0xFF, 0xFF, 0xFF,
        0x01, 0x02, 0x03, 0x00, 0x04, 0x05, 0x06, 0x07, 0x08, 0x09, 0x0A, 0x0B, 0x0C, 0x0D, 0x0E, 0x0F,
        0x00, 0x01, 0x02, 0x03, 0x04, 0x05, 0x06, 0x07, 0x08, 0x09, 0x0A, 0x0B, 0x0C, 0x0D, 0x0E, 0x0F,
        0x02, 0x03, 0x00, 0x01, 0x04, 0x05, 0x06, 0x07, 0x08, 0x09, 0x0A, 0x0B, 0x0C, 0x0D, 0x0E, 0x0F,
        0xFF, 0xFF, 0xFF, 0xFF, 0x08, 0x09, 0x0A, 0x0B, 0x0C, 0x0D, 0x0E, 0x0F, 0x04, 0x05, 0x06, 0x07,
        0xFF, 0xFF, 0xFF, 0xFF, 0x0C, 0x0D, 0x0E, 0x0F, 0xFF, 0xFF, 0xFF, 0xFF, 0xFF, 0xFF, 0xFF, 0xFF,
        0x0D, 0x0E, 0x0F, 0x0C, 0xFF, 0xFF, 0xFF, 0xFF, 0xFF, 0xFF, 0xFF, 0xFF, 0xFF, 0xFF, 0xFF, 0xFF,
        0xFF, 0xFF, 0xFF, 0xFF, 0x0C, 0x0D, 0x0E, 0x0F, 0xFF, 0xFF, 0xFF, 0xFF, 0x08, 0x09, 0x0A, 0x0B,
        0x08, 0x09, 0x0A, 0x0B, 0x0C, 0x0D, 0x0E, 0x0F, 0x04, 0x05, 0x06, 0x07, 0x00, 0x01, 0x02, 0x03,
        0xFF, 0xFF, 0xFF, 0xFF, 0x08, 0x09, 0x0A, 0x0B, 0x0C, 0x0D, 0x0E, 0x0F, 0x04, 0x05, 0x06, 0x07,
        0x04, 0x05, 0x06, 0x07, 0x08, 0x09, 0x0A, 0x0B, 0x0C, 0x0D, 0x0E, 0x0F, 0xFF, 0xFF, 0xFF, 0xFF,
        0x00, 0x01, 0x02, 0x03, 0x04, 0x05, 0x06, 0x07, 0x08, 0x09, 0x0A, 0x0B, 0x0C, 0x0D, 0x0E, 0x0F,
        0xFF, 0xFF, 0xFF, 0xFF, 0x0C, 0x0D, 0x0E, 0x0F, 0xFF, 0xFF, 0xFF, 0xFF, 0xFF, 0xFF, 0xFF, 0xFF,
        0x0F, 0x0C, 0x0D, 0x0E, 0x00, 0x01, 0x02, 0x03, 0x04, 0x05, 0x06, 0x07, 0x08, 0x09, 0x0A, 0x0B,
        0x07, 0x04, 0x05, 0x06, 0x08, 0x09, 0x0A, 0x0B, 0x0C, 0x0D, 0x0E, 0x0F, 0x00, 0x01, 0x02, 0x03,
        0x00, 0x01, 0x02, 0x03, 0x04, 0x05, 0x06, 0x07, 0x08, 0x09, 0x0A, 0x0B, 0x0C, 0x0D, 0x0E, 0x0F,
        0x08, 0x09, 0x0A, 0x0B, 0x0C, 0x0D, 0x0E, 0x0F, 0x04, 0x05, 0x06, 0x07, 0x00, 0x01, 0x02, 0x03,
        0x0C, 0x0D, 0x0E, 0x0F, 0x00, 0x01, 0x02, 0x03, 0x08, 0x09, 0x0A, 0x0B, 0x04, 0x05, 0x06, 0x07,
        0x04, 0x05, 0x06, 0x07, 0x08, 0x09, 0x0A, 0x0B, 0x00, 0x01, 0x02, 0x03, 0x0C, 0x0D, 0x0E, 0x0F,
        0x00, 0x01, 0x02, 0x03, 0x04, 0x05, 0x06, 0x07, 0x08, 0x09, 0x0A, 0x0B, 0x0C, 0x0D, 0x0E, 0x0F,
        0x04, 0x05, 0x06, 0x07, 0xFF, 0xFF, 0xFF, 0xFF, 0xFF, 0xFF, 0xFF, 0xFF, 0xFF, 0xFF, 0xFF, 0xFF,
        0x06, 0x07, 0x04, 0x05, 0xFF, 0xFF, 0xFF, 0xFF, 0xFF, 0xFF, 0xFF, 0xFF, 0xFF, 0xFF, 0xFF, 0xFF,
        0x0F, 0x0C, 0x0D, 0x0E, 0xFF, 0xFF, 0xFF, 0xFF, 0xFF, 0xFF, 0xFF, 0xFF, 0xFF, 0xFF, 0xFF, 0xFF,
        0x08, 0x09, 0x0A, 0x0B, 0x0C, 0x0D, 0x0E, 0x0F, 0x04, 0x05, 0x06, 0x07, 0x00, 0x01, 0x02, 0x03,
        0x00, 0x01, 0x02, 0x03, 0x04, 0x05, 0x06, 0x07, 0x08, 0x09, 0x0A, 0x0B, 0x0C, 0x0D, 0x0E, 0x0F,
        0x0C, 0x0D, 0x0E, 0x0F, 0x04, 0x05, 0x06, 0x07, 0x08, 0x09, 0x0A, 0x0B, 0x00, 0x01, 0x02, 0x03,
        0x05, 0x06, 0x07, 0x04, 0x08, 0x09, 0x0A, 0x0B, 0x0C, 0x0D, 0x0E, 0x0F, 0x00, 0x01, 0x02, 0x03,
        0x04, 0x05, 0x06, 0x07, 0x08, 0x09, 0x0A, 0x0B, 0x0C, 0x0D, 0x0E, 0x0F, 0xFF, 0xFF, 0xFF, 0xFF,
        0x0C, 0x0D, 0x0E, 0x0F, 0x00, 0x01, 0x02, 0x03, 0x08, 0x09, 0x0A, 0x0B, 0x04, 0x05, 0x06, 0x07,
        0x04, 0x05, 0x06, 0x07, 0x08, 0x09, 0x0A, 0x0B, 0xFF, 0xFF, 0xFF, 0xFF, 0x0C, 0x0D, 0x0E, 0x0F,
        0x05, 0x06, 0x07, 0x04, 0x08, 0x09, 0x0A, 0x0B, 0x0C, 0x0D, 0x0E, 0x0F, 0xFF, 0xFF, 0xFF, 0xFF,
        0x0D, 0x0E, 0x0F, 0x0C, 0x00, 0x01, 0x02, 0x03, 0x04, 0x05, 0x06, 0x07, 0x08, 0x09, 0x0A, 0x0B,
        0x08, 0x09, 0x0A, 0x0B, 0x04, 0x05, 0x06, 0x07, 0xFF, 0xFF, 0xFF, 0xFF, 0x0C, 0x0D, 0x0E, 0x0F,
        0xFF, 0xFF, 0xFF, 0xFF, 0xFF, 0xFF, 0xFF, 0xFF, 0xFF, 0xFF, 0xFF, 0xFF, 0x0C, 0x0D, 0x0E, 0x0F,
        0x08, 0x09, 0x0A, 0x0B, 0x0C, 0x0D, 0x0E, 0x0F, 0x00, 0x01, 0x02, 0x03, 0x04, 0x05, 0x06, 0x07,
        0x02, 0x03, 0x00, 0x01, 0x04, 0x05, 0x06, 0x07, 0x08, 0x09, 0x0A, 0x0B, 0x0C, 0x0D, 0x0E, 0x0F,
        0xFF, 0xFF, 0xFF, 0xFF, 0x08, 0x09, 0x0A, 0x0B, 0x0C, 0x0D, 0x0E, 0x0F, 0x04, 0x05, 0x06, 0x07,
        0xFF, 0xFF, 0xFF, 0xFF, 0xFF, 0xFF, 0xFF, 0xFF, 0xFF, 0xFF, 0xFF, 0xFF, 0x0C, 0x0D, 0x0E, 0x0F,
        0x0B, 0x08, 0x09, 0x0A, 0x0C, 0x0D, 0x0E, 0x0F, 0xFF, 0xFF, 0xFF, 0xFF, 0xFF, 0xFF, 0xFF, 0xFF,
        0x00, 0x01, 0x02, 0x03, 0x04, 0x05, 0x06, 0x07, 0x08, 0x09, 0x0A, 0x0B, 0x0C, 0x0D, 0x0E, 0x0F,
        0x00, 0x01, 0x02, 0x03, 0x0C, 0x0D, 0x0E, 0x0F, 0x04, 0x05, 0x06, 0x07, 0x08, 0x09, 0x0A, 0x0B,
        0x0C, 0x0D, 0x0E, 0x0F, 0x00, 0x01, 0x02, 0x03, 0x08, 0x09, 0x0A, 0x0B, 0x04, 0x05, 0x06, 0x07,
        0x00, 0x01, 0x02, 0x03, 0x04, 0x05, 0x06, 0x07, 0x08, 0x09, 0x0A, 0x0B, 0x0C, 0x0D, 0x0E, 0x0F,
        0x04, 0x05, 0x06, 0x07, 0x08, 0x09, 0x0A, 0x0B, 0x00, 0x01, 0x02, 0x03, 0x0C, 0x0D, 0x0E, 0x0F,
        0x04, 0x05, 0x06, 0x07, 0x00, 0x01, 0x02, 0x03, 0x0C, 0x0D, 0x0E, 0x0F, 0x08, 0x09, 0x0A, 0x0B,
        0x09, 0x0A, 0x0B, 0x08, 0x0C, 0x0D, 0x0E, 0x0F, 0xFF, 0xFF, 0xFF, 0xFF, 0xFF, 0xFF, 0xFF, 0xFF,
        0x03, 0x00, 0x01, 0x02, 0x04, 0x05, 0x06, 0x07, 0x08, 0x09, 0x0A, 0x0B, 0x0C, 0x0D, 0x0E, 0x0F,
        0x00, 0x01, 0x02, 0x03, 0x04, 0x05, 0x06, 0x07, 0x08, 0x09, 0x0A, 0x0B, 0x0C, 0x0D, 0x0E, 0x0F,
        0x00, 0x01, 0x02, 0x03, 0x04, 0x05, 0x06, 0x07, 0x08, 0x09, 0x0A, 0x0B, 0x0C, 0x0D, 0x0E, 0x0F,
        0x00, 0x01, 0x02, 0x03, 0x04, 0x05, 0x06, 0x07, 0x08, 0x09, 0x0A, 0x0B, 0x0C, 0x0D, 0x0E, 0x0F,
        0x0C, 0x0D, 0x0E, 0x0F, 0x00, 0x01, 0x02, 0x03, 0x04, 0x05, 0x06, 0x07, 0x08, 0x09, 0x0A, 0x0B,
        0x08, 0x09, 0x0A, 0x0B, 0x04, 0x05, 0x06, 0x07, 0x0C, 0x0D, 0x0E, 0x0F, 0xFF, 0xFF, 0xFF, 0xFF,
        0x0C, 0x0D, 0x0E, 0x0F, 0x08, 0x09, 0x0A, 0x0B, 0x04, 0x05, 0x06, 0x07, 0x00, 0x01, 0x02, 0x03,
        0xFF, 0xFF, 0xFF, 0xFF, 0x0C, 0x0D, 0x0E, 0x0F, 0xFF, 0xFF, 0xFF, 0xFF, 0xFF, 0xFF, 0xFF, 0xFF,
        0x00, 0x01, 0x02, 0x03, 0x04, 0x05, 0x06, 0x07, 0x08, 0x09, 0x0A, 0x0B, 0x0C, 0x0D, 0x0E, 0x0F,
        0x04, 0x05, 0x06, 0x07, 0x08, 0x09, 0x0A, 0x0B, 0x0C, 0x0D, 0x0E, 0x0F, 0x00, 0x01, 0x02, 0x03,
        0x0E, 0x0F, 0x0C, 0x0D, 0xFF, 0xFF, 0xFF, 0xFF, 0xFF, 0xFF, 0xFF, 0xFF, 0xFF, 0xFF, 0xFF, 0xFF,
        0x04, 0x05, 0x06, 0x07, 0x0C, 0x0D, 0x0E, 0x0F, 0x00, 0x01, 0x02, 0x03, 0x08, 0x09, 0x0A, 0x0B,
        0xFF, 0xFF, 0xFF, 0xFF, 0x0C, 0x0D, 0x0E, 0x0F, 0xFF, 0xFF, 0xFF, 0xFF, 0x08, 0x09, 0x0A, 0x0B,
        0x0B, 0x08, 0x09, 0x0A, 0x0C, 0x0D, 0x0E, 0x0F, 0xFF, 0xFF, 0xFF, 0xFF, 0xFF, 0xFF, 0xFF, 0xFF,
        0x02, 0x03, 0x00, 0x01, 0x04, 0x05, 0x06, 0x07, 0x08, 0x09, 0x0A, 0x0B, 0x0C, 0x0D, 0x0E, 0x0F,
        0x0C, 0x0D, 0x0E, 0x0F, 0x04, 0x05, 0x06, 0x07, 0x08, 0x09, 0x0A, 0x0B, 0x00, 0x01, 0x02, 0x03,
        0x00, 0x01, 0x02, 0x03, 0x0C, 0x0D, 0x0E, 0x0F, 0x08, 0x09, 0x0A, 0x0B, 0x04, 0x05, 0x06, 0x07,
        0x07, 0x04, 0x05, 0x06, 0x08, 0x09, 0x0A, 0x0B, 0x0C, 0x0D, 0x0E, 0x0F, 0x00, 0x01, 0x02, 0x03,
        0x00, 0x01, 0x02, 0x03, 0x04, 0x05, 0x06, 0x07, 0x08, 0x09, 0x0A, 0x0B, 0x0C, 0x0D, 0x0E, 0x0F,
        0x07, 0x04, 0x05, 0x06, 0x08, 0x09, 0x0A, 0x0B, 0x0C, 0x0D, 0x0E, 0x0F, 0x00, 0x01, 0x02, 0x03,
        0x0A, 0x0B, 0x08, 0x09, 0x0C, 0x0D, 0x0E, 0x0F, 0x00, 0x01, 0x02, 0x03, 0x04, 0x05, 0x06, 0x07,
        0x0C, 0x0D, 0x0E, 0x0F, 0x08, 0x09, 0x0A, 0x0B, 0x00, 0x01, 0x02, 0x03, 0x04, 0x05, 0x06, 0x07,
        0x0A, 0x0B, 0x08, 0x09, 0x0C, 0x0D, 0x0E, 0x0F, 0xFF, 0xFF, 0xFF, 0xFF, 0xFF, 0xFF, 0xFF, 0xFF,
        0x09, 0x0A, 0x0B, 0x08, 0x0C, 0x0D, 0x0E, 0x0F, 0x00, 0x01, 0x02, 0x03, 0x04, 0x05, 0x06, 0x07,
        0x0C, 0x0D, 0x0E, 0x0F, 0x00, 0x01, 0x02, 0x03, 0x08, 0x09, 0x0A, 0x0B, 0x04, 0x05, 0x06, 0x07,
        0x08, 0x09, 0x0A, 0x0B, 0x04, 0x05, 0x06, 0x07, 0x00, 0x01, 0x02, 0x03, 0x0C, 0x0D, 0x0E, 0x0F,
        0x08, 0x09, 0x0A, 0x0B, 0x0C, 0x0D, 0x0E, 0x0F, 0xFF, 0xFF, 0xFF, 0xFF, 0xFF, 0xFF, 0xFF, 0xFF,
        0x06, 0x07, 0x04, 0x05, 0x08, 0x09, 0x0A, 0x0B, 0x0C, 0x0D, 0x0E, 0x0F, 0xFF, 0xFF, 0xFF, 0xFF,
        0x04, 0x05, 0x06, 0x07, 0x08, 0x09, 0x0A, 0x0B, 0x0C, 0x0D, 0x0E, 0x0F, 0x00, 0x01, 0x02, 0x03,
        0x05, 0x06, 0x07, 0x04, 0x08, 0x09, 0x0A, 0x0B, 0x0C, 0x0D, 0x0E, 0x0F, 0xFF, 0xFF, 0xFF, 0xFF,
        0x08, 0x09, 0x0A, 0x0B, 0x0C, 0x0D, 0x0E, 0x0F, 0xFF, 0xFF, 0xFF, 0xFF, 0xFF, 0xFF, 0xFF, 0xFF,
        0x08, 0x09, 0x0A, 0x0B, 0x0C, 0x0D, 0x0E, 0x0F, 0xFF, 0xFF, 0xFF, 0xFF, 0xFF, 0xFF, 0xFF, 0xFF,
        0x0C, 0x0D, 0x0E, 0x0F, 0x04, 0x05, 0x06, 0x07, 0x08, 0x09, 0x0A, 0x0B, 0x00, 0x01, 0x02, 0x03,
        0x04, 0x05, 0x06, 0x07, 0x08, 0x09, 0x0A, 0x0B, 0x0C, 0x0D, 0x0E, 0x0F, 0xFF, 0xFF, 0xFF, 0xFF,
        0x04, 0x05, 0x06, 0x07, 0x08, 0x09, 0x0A, 0x0B, 0x0C, 0x0D, 0x0E, 0x0F, 0x00, 0x01, 0x02, 0x03,
        0x08, 0x09, 0x0A, 0x0B, 0x04, 0x05, 0x06, 0x07, 0x0C, 0x0D, 0x0E, 0x0F, 0xFF, 0xFF, 0xFF, 0xFF,
        0x00, 0x01, 0x02, 0x03, 0x08, 0x09, 0x0A, 0x0B, 0x0C, 0x0D, 0x0E, 0x0F, 0x04, 0x05, 0x06, 0x07,
        0xFF, 0xFF, 0xFF, 0xFF, 0x0C, 0x0D, 0x0E, 0x0F, 0xFF, 0xFF, 0xFF, 0xFF, 0x08, 0x09, 0x0A, 0x0B,
        0x0D, 0x0E, 0x0F, 0x0C, 0xFF, 0xFF, 0xFF, 0xFF, 0xFF, 0xFF, 0xFF, 0xFF, 0xFF, 0xFF, 0xFF, 0xFF,
        0x09, 0x0A, 0x0B, 0x08, 0x0C, 0x0D, 0x0E, 0x0F, 0xFF, 0xFF, 0xFF, 0xFF, 0xFF, 0xFF, 0xFF, 0xFF,
        0x0C, 0x0D, 0x0E, 0x0F, 0x08, 0x09, 0x0A, 0x0B, 0x04, 0x05, 0x06, 0x07, 0x00, 0x01, 0x02, 0x03,
        0x04, 0x05, 0x06, 0x07, 0x08, 0x09, 0x0A, 0x0B, 0x0C, 0x0D, 0x0E, 0x0F, 0x00, 0x01, 0x02, 0x03,
        0x00, 0x01, 0x02, 0x03, 0x04, 0x05, 0x06, 0x07, 0x0C, 0x0D, 0x0E, 0x0F, 0x08, 0x09, 0x0A, 0x0B,
        0x04, 0x05, 0x06, 0x07, 0x08, 0x09, 0x0A, 0x0B, 0x0C, 0x0D, 0x0E, 0x0F, 0xFF, 0xFF, 0xFF, 0xFF,
        0x01, 0x02, 0x03, 0x00, 0x04, 0x05, 0x06, 0x07, 0x08, 0x09, 0x0A, 0x0B, 0x0C, 0x0D, 0x0E, 0x0F,
        0x00, 0x01, 0x02, 0x03, 0x04, 0x05, 0x06, 0x07, 0x08, 0x09, 0x0A, 0x0B, 0x0C, 0x0D, 0x0E, 0x0F,
        0x00, 0x01, 0x02, 0x03, 0x04, 0x05, 0x06, 0x07, 0x08, 0x09, 0x0A, 0x0B, 0x0C, 0x0D, 0x0E, 0x0F,
        0x04, 0x05, 0x06, 0x07, 0x08, 0x09, 0x0A, 0x0B, 0x00, 0x01, 0x02, 0x03, 0x0C, 0x0D, 0x0E, 0x0F,
        0xFF, 0xFF, 0xFF, 0xFF, 0x0C, 0x0D, 0x0E, 0x0F, 0xFF, 0xFF, 0xFF, 0xFF, 0xFF, 0xFF, 0xFF, 0xFF,
        0x08, 0x09, 0x0A, 0x0B, 0x04, 0x05, 0x06, 0x07, 0x0C, 0x0D, 0x0E, 0x0F, 0xFF, 0xFF, 0xFF, 0xFF,
        0x0C, 0x0D, 0x0E, 0x0F, 0xFF, 0xFF, 0xFF, 0xFF, 0xFF, 0xFF, 0xFF, 0xFF, 0xFF, 0xFF, 0xFF, 0xFF,
        0x00, 0x01, 0x02, 0x03, 0x04, 0x05, 0x06, 0x07, 0x08, 0x09, 0x0A, 0x0B, 0x0C, 0x0D, 0x0E, 0x0F,
        0x06, 0x07, 0x04, 0x05, 0x08, 0x09, 0x0A, 0x0B, 0x0C, 0x0D, 0x0E, 0x0F, 0xFF, 0xFF, 0xFF, 0xFF,
        0x0E, 0x0F, 0x0C, 0x0D, 0x00, 0x01, 0x02, 0x03, 0x04, 0x05, 0x06, 0x07, 0x08, 0x09, 0x0A, 0x0B,
        0x06, 0x07, 0x04, 0x05, 0x08, 0x09, 0x0A, 0x0B, 0x0C, 0x0D, 0x0E, 0x0F, 0x00, 0x01, 0x02, 0x03,
        0x04, 0x05, 0x06, 0x07, 0x0C, 0x0D, 0x0E, 0x0F, 0x00, 0x01, 0x02, 0x03, 0x08, 0x09, 0x0A, 0x0B,
        0x0A, 0x0B, 0x08, 0x09, 0x0C, 0x0D, 0x0E, 0x0F, 0x00, 0x01, 0x02, 0x03, 0x04, 0x05, 0x06, 0x07,
        0x08, 0x09, 0x0A, 0x0B, 0x04, 0x05, 0x06, 0x07, 0xFF, 0xFF, 0xFF, 0xFF, 0x0C, 0x0D, 0x0E, 0x0F,
        0x00, 0x01, 0x02, 0x03, 0x04, 0x05, 0x06, 0x07, 0x08, 0x09, 0x0A, 0x0B, 0x0C, 0x0D, 0x0E, 0x0F,
        0x0C, 0x0D, 0x0E, 0x0F, 0xFF, 0xFF, 0xFF, 0xFF, 0xFF, 0xFF, 0xFF, 0xFF, 0xFF, 0xFF, 0xFF, 0xFF,
        0x0E, 0x0F, 0x0C, 0x0D, 0x00, 0x01, 0x02, 0x03, 0x04, 0x05, 0x06, 0x07, 0x08, 0x09, 0x0A, 0x0B,
        0xFF, 0xFF, 0xFF, 0xFF, 0x0C, 0x0D, 0x0E, 0x0F, 0xFF, 0xFF, 0xFF, 0xFF, 0xFF, 0xFF, 0xFF, 0xFF,
        0xFF, 0xFF, 0xFF, 0xFF, 0x0C, 0x0D, 0x0E, 0x0F, 0xFF, 0xFF, 0xFF, 0xFF, 0xFF, 0xFF, 0xFF, 0xFF,
        0x08, 0x09, 0x0A, 0x0B, 0x0C, 0x0D, 0x0E, 0x0F, 0xFF, 0xFF, 0xFF, 0xFF, 0xFF, 0xFF, 0xFF, 0xFF,
        0x0A, 0x0B, 0x08, 0x09, 0x0C, 0x0D, 0x0E, 0x0F, 0xFF, 0xFF, 0xFF, 0xFF, 0xFF, 0xFF, 0xFF, 0xFF,
        0x06, 0x07, 0x04, 0x05, 0x08, 0x09, 0x0A, 0x0B, 0x0C, 0x0D, 0x0E, 0x0F, 0x00, 0x01, 0x02, 0x03,
        0x0B, 0x08, 0x09, 0x0A, 0x0C, 0x0D, 0x0E, 0x0F, 0x00, 0x01, 0x02, 0x03, 0x04, 0x05, 0x06, 0x07,
        0x00, 0x01, 0x02, 0x03, 0x04, 0x05, 0x06, 0x07, 0x0C, 0x0D, 0x0E, 0x0F, 0x08, 0x09, 0x0A, 0x0B,
        0x08, 0x09, 0x0A, 0x0B, 0x00, 0x01, 0x02, 0x03, 0x04, 0x05, 0x06, 0x07, 0x0C, 0x0D, 0x0E, 0x0F,
        0xFF, 0xFF, 0xFF, 0xFF, 0x0C, 0x0D, 0x0E, 0x0F, 0xFF, 0xFF, 0xFF, 0xFF, 0xFF, 0xFF, 0xFF, 0xFF,
        0x0D, 0x0E, 0x0F, 0x0C, 0xFF, 0xFF, 0xFF, 0xFF, 0xFF, 0xFF, 0xFF, 0xFF, 0xFF, 0xFF, 0xFF, 0xFF,
        0x00, 0x01, 0x02, 0x03, 0x04, 0x05, 0x06, 0x07, 0x08, 0x09, 0x0A, 0x0B, 0x0C, 0x0D, 0x0E, 0x0F,
        0x08, 0x09, 0x0A, 0x0B, 0x00, 0x01, 0x02, 0x03, 0x04, 0x05, 0x06, 0x07, 0x0C, 0x0D, 0x0E, 0x0F,
        0x0C, 0x0D, 0x0E, 0x0F, 0x04, 0x05, 0x06, 0x07, 0x08, 0x09, 0x0A, 0x0B, 0x00, 0x01, 0x02, 0x03,
        0x08, 0x09, 0x0A, 0x0B, 0x0C, 0x0D, 0x0E, 0x0F, 0x00, 0x01, 0x02, 0x03, 0x04, 0x05, 0x06, 0x07,
        0x00, 0x01, 0x02, 0x03, 0x0C, 0x0D, 0x0E, 0x0F, 0x04, 0x05, 0x06, 0x07, 0x08, 0x09, 0x0A, 0x0B,
        0x08, 0x09, 0x0A, 0x0B, 0x04, 0x05, 0x06, 0x07, 0x00, 0x01, 0x02, 0x03, 0x0C, 0x0D, 0x0E, 0x0F,
        0xFF, 0xFF, 0xFF, 0xFF, 0x0C, 0x0D, 0x0E, 0x0F, 0xFF, 0xFF, 0xFF, 0xFF, 0xFF, 0xFF, 0xFF, 0xFF,
        0xFF, 0xFF, 0xFF, 0xFF, 0x08, 0x09, 0x0A, 0x0B, 0x0C, 0x0D, 0x0E, 0x0F, 0x04, 0x05, 0x06, 0x07,
        0x0A, 0x0B, 0x08, 0x09, 0x0C, 0x0D, 0x0E, 0x0F, 0x00, 0x01, 0x02, 0x03, 0x04, 0x05, 0x06, 0x07,
        0x08, 0x09, 0x0A, 0x0B, 0x0C, 0x0D, 0x0E, 0x0F, 0xFF, 0xFF, 0xFF, 0xFF, 0xFF, 0xFF, 0xFF, 0xFF,
        0x0F, 0x0C, 0x0D, 0x0E, 0x00, 0x01, 0x02, 0x03, 0x04, 0x05, 0x06, 0x07, 0x08, 0x09, 0x0A, 0x0B,
        0xFF, 0xFF, 0xFF, 0xFF, 0x0C, 0x0D, 0x0E, 0x0F, 0xFF, 0xFF, 0xFF, 0xFF, 0x08, 0x09, 0x0A, 0x0B,
        0x0E, 0x0F, 0x0C, 0x0D, 0xFF, 0xFF, 0xFF, 0xFF, 0xFF, 0xFF, 0xFF, 0xFF, 0xFF, 0xFF, 0xFF, 0xFF,
        0x0C, 0x0D, 0x0E, 0x0F, 0x08, 0x09, 0x0A, 0x0B, 0x00, 0x01, 0x02, 0x03, 0x04, 0x05, 0x06, 0x07,
        0x00, 0x01, 0x02, 0x03, 0x04, 0x05, 0x06, 0x07, 0x08, 0x09, 0x0A, 0x0B, 0x0C, 0x0D, 0x0E, 0x0F,
        0x00, 0x01, 0x02, 0x03, 0x04, 0x05, 0x06, 0x07, 0x08, 0x09, 0x0A, 0x0B, 0x0C, 0x0D, 0x0E, 0x0F,
        0x00, 0x01, 0x02, 0x03, 0xFF, 0xFF, 0xFF, 0xFF, 0xFF, 0xFF, 0xFF, 0xFF, 0xFF, 0xFF, 0xFF, 0xFF,
        0x09, 0x0A, 0x0B, 0x08, 0x0C, 0x0D, 0x0E, 0x0F, 0x00, 0x01, 0x02, 0x03, 0x04, 0x05, 0x06, 0x07,
        0xFF, 0xFF, 0xFF, 0xFF, 0x0C, 0x0D, 0x0E, 0x0F, 0xFF, 0xFF, 0xFF, 0xFF, 0x08, 0x09, 0x0A, 0x0B,
        0x0C, 0x0D, 0x0E, 0x0F, 0xFF, 0xFF, 0xFF, 0xFF, 0xFF, 0xFF, 0xFF, 0xFF, 0xFF, 0xFF, 0xFF, 0xFF,
        0x00, 0x01, 0x02, 0x03, 0x04, 0x05, 0x06, 0x07, 0x08, 0x09, 0x0A, 0x0B, 0x0C, 0x0D, 0x0E, 0x0F,
        0x00, 0x01, 0x02, 0x03, 0x04, 0x05, 0x06, 0x07, 0x08, 0x09, 0x0A, 0x0B, 0x0C, 0x0D, 0x0E, 0x0F,
        0x04, 0x05, 0x06, 0x07, 0x00, 0x01, 0x02, 0x03, 0x08, 0x09, 0x0A, 0x0B, 0x0C, 0x0D, 0x0E, 0x0F,
        0x0B, 0x08, 0x09, 0x0A, 0x0C, 0x0D, 0x0E, 0x0F, 0xFF, 0xFF, 0xFF, 0xFF, 0xFF, 0xFF, 0xFF, 0xFF,
        0x00, 0x01, 0x02, 0x03, 0x04, 0x05, 0x06, 0x07, 0x08, 0x09, 0x0A, 0x0B, 0x0C, 0x0D, 0x0E, 0x0F,
        0x0C, 0x0D, 0x0E, 0x0F, 0xFF, 0xFF, 0xFF, 0xFF, 0xFF, 0xFF, 0xFF, 0xFF, 0xFF, 0xFF, 0xFF, 0xFF,
        0x04, 0x05, 0x06, 0x07, 0x08, 0x09, 0x0A, 0x0B, 0xFF, 0xFF, 0xFF, 0xFF, 0x0C, 0x0D, 0x0E, 0x0F,
        0x0F, 0x0C, 0x0D, 0x0E, 0xFF, 0xFF, 0xFF, 0xFF, 0xFF, 0xFF, 0xFF, 0xFF, 0xFF, 0xFF, 0xFF, 0xFF,
        0x04, 0x05, 0x06, 0x07, 0x08, 0x09, 0x0A, 0x0B, 0x00, 0x01, 0x02, 0x03, 0x0C, 0x0D, 0x0E, 0x0F,
        0xFF, 0xFF, 0xFF, 0xFF, 0x0C, 0x0D, 0x0E, 0x0F, 0xFF, 0xFF, 0xFF, 0xFF, 0xFF, 0xFF, 0xFF, 0xFF,
        0x00, 0x01, 0x02, 0x03, 0x04, 0x05, 0x06, 0x07, 0x08, 0x09, 0x0A, 0x0B, 0x0C, 0x0D, 0x0E, 0x0F,
        0x04, 0x05, 0x06, 0x07, 0x00, 0x01, 0x02, 0x03, 0x0C, 0x0D, 0x0E, 0x0F, 0x08, 0x09, 0x0A, 0x0B,
        0x04, 0x05, 0x06, 0x07, 0x00, 0x01, 0x02, 0x03, 0x08, 0x09, 0x0A, 0x0B, 0x0C, 0x0D, 0x0E, 0x0F,
        0x0D, 0x0E, 0x0F, 0x0C, 0x00, 0x01, 0x02, 0x03, 0x04, 0x05, 0x06, 0x07, 0x08, 0x09, 0x0A, 0x0B,
        0x00, 0x01, 0x02, 0x03, 0x0C, 0x0D, 0x0E, 0x0F, 0x08, 0x09, 0x0A, 0x0B, 0x04, 0x05, 0x06, 0x07,
        0x05, 0x06, 0x07, 0x04, 0x08, 0x09, 0x0A, 0x0B, 0x0C, 0x0D, 0x0E, 0x0F, 0x00, 0x01, 0x02, 0x03,
        0x00, 0x01, 0x02, 0x03, 0x04, 0x05, 0x06, 0x07, 0x08, 0x09, 0x0A, 0x0B, 0x0C, 0x0D, 0x0E, 0x0F,
        0x04, 0x05, 0x06, 0x07, 0x08, 0x09, 0x0A, 0x0B, 0x00, 0x01, 0x02, 0x03, 0x0C, 0x0D, 0x0E, 0x0F,
        0xFF, 0xFF, 0xFF, 0xFF, 0x08, 0x09, 0x0A, 0x0B, 0x0C, 0x0D, 0x0E, 0x0F, 0x04, 0x05, 0x06, 0x07,
        0x03, 0x00, 0x01, 0x02, 0x04, 0x05, 0x06, 0x07, 0x08, 0x09, 0x0A, 0x0B, 0x0C, 0x0D, 0x0E, 0x0F,
        0xFF, 0xFF, 0xFF, 0xFF, 0x0C, 0x0D, 0x0E, 0x0F, 0xFF, 0xFF, 0xFF, 0xFF, 0x08, 0x09, 0x0A, 0x0B,
        0x00, 0x01, 0x02, 0x03, 0x04, 0x05, 0x06, 0x07, 0x08, 0x09, 0x0A, 0x0B, 0x0C, 0x0D, 0x0E, 0x0F,
        0xFF, 0xFF, 0xFF, 0xFF, 0xFF, 0xFF, 0xFF, 0xFF, 0xFF, 0xFF, 0xFF, 0xFF, 0x0C, 0x0D, 0x0E, 0x0F,
        0x00, 0x01, 0x02, 0x03, 0x04, 0x05, 0x06, 0x07, 0x08, 0x09, 0x0A, 0x0B, 0x0C, 0x0D, 0x0E, 0x0F,
        0x0B, 0x08, 0x09, 0x0A, 0x0C, 0x0D, 0x0E, 0x0F, 0xFF, 0xFF, 0xFF, 0xFF, 0xFF, 0xFF, 0xFF, 0xFF,
        0x00, 0x01, 0x02, 0x03, 0x04, 0x05, 0x06, 0x07, 0x08, 0x09, 0x0A, 0x0B, 0x0C, 0x0D, 0x0E, 0x0F,
        0x00, 0x01, 0x02, 0x03, 0x04, 0x05, 0x06, 0x07, 0x08, 0x09, 0x0A, 0x0B, 0x0C, 0x0D, 0x0E, 0x0F,
        0x07, 0x04, 0x05, 0x06, 0x08, 0x09, 0x0A, 0x0B, 0x0C, 0x0D, 0x0E, 0x0F, 0x00, 0x01, 0x02, 0x03,
        0x0A, 0x0B, 0x08, 0x09, 0x0C, 0x0D, 0x0E, 0x0F, 0xFF, 0xFF, 0xFF, 0xFF, 0xFF, 0xFF, 0xFF, 0xFF,
        0x0F, 0x0C, 0x0D, 0x0E, 0xFF, 0xFF, 0xFF, 0xFF, 0xFF, 0xFF, 0xFF, 0xFF, 0xFF, 0xFF, 0xFF, 0xFF,
        0x08, 0x09, 0x0A, 0x0B, 0x04, 0x05, 0x06, 0x07, 0x0C, 0x0D, 0x0E, 0x0F, 0x00, 0x01, 0x02, 0x03,
        0x01, 0x02, 0x03, 0x00, 0x04, 0x05, 0x06, 0x07, 0x08, 0x09, 0x0A, 0x0B, 0x0C, 0x0D, 0x0E, 0x0F,
        0x07, 0x04, 0x05, 0x06, 0x08, 0x09, 0x0A, 0x0B, 0x0C, 0x0D, 0x0E, 0x0F, 0xFF, 0xFF, 0xFF, 0xFF,
        0x08, 0x09, 0x0A, 0x0B, 0x0C, 0x0D, 0x0E, 0x0F, 0xFF, 0xFF, 0xFF, 0xFF, 0xFF, 0xFF, 0xFF, 0xFF,
        0x00, 0x01, 0x02, 0x03, 0x04, 0x05, 0x06, 0x07, 0x08, 0x09, 0x0A, 0x0B, 0x0C, 0x0D, 0x0E, 0x0F,
        0x09, 0x0A, 0x0B, 0x08, 0x0C, 0x0D, 0x0E, 0x0F, 0xFF, 0xFF, 0xFF, 0xFF, 0xFF, 0xFF, 0xFF, 0xFF,
        0x08, 0x09, 0x0A, 0x0B, 0x0C, 0x0D, 0x0E, 0x0F, 0x00, 0x01, 0x02, 0x03, 0x04, 0x05, 0x06, 0x07,
        0x0A, 0x0B, 0x08, 0x09, 0x0C, 0x0D, 0x0E, 0x0F, 0x00, 0x01, 0x02, 0x03, 0x04, 0x05, 0x06, 0x07,
        0x00, 0x01, 0x02, 0x03, 0x0C, 0x0D, 0x0E, 0x0F, 0x08, 0x09, 0x0A, 0x0B, 0x04, 0x05, 0x06, 0x07,
        0x00, 0x01, 0x02, 0x03, 0x04, 0x05, 0x06, 0x07, 0x08, 0x09, 0x0A, 0x0B, 0x0C, 0x0D, 0x0E, 0x0F,
        0x05, 0x06, 0x07, 0x04, 0x08, 0x09, 0x0A, 0x0B, 0x0C, 0x0D, 0x0E, 0x0F, 0x00, 0x01, 0x02, 0x03,
        0xFF, 0xFF, 0xFF, 0xFF, 0x0C, 0x0D, 0x0E, 0x0F, 0xFF, 0xFF, 0xFF, 0xFF, 0xFF, 0xFF, 0xFF, 0xFF,
        0x00, 0x01, 0x02, 0x03, 0x04, 0x05, 0x06, 0x07, 0x08, 0x09, 0x0A, 0x0B, 0x0C, 0x0D, 0x0E, 0x0F,
        0x07, 0x04, 0x05, 0x06, 0x08, 0x09, 0x0A, 0x0B, 0x0C, 0x0D, 0x0E, 0x0F, 0xFF, 0xFF, 0xFF, 0xFF,
        0x08, 0x09, 0x0A, 0x0B, 0x04, 0x05, 0x06, 0x07, 0x0C, 0x0D, 0x0E, 0x0F, 0xFF, 0xFF, 0xFF, 0xFF,
        0x04, 0x05, 0x06, 0x07, 0x08, 0x09, 0x0A, 0x0B, 0xFF, 0xFF, 0xFF, 0xFF, 0x0C, 0x0D, 0x0E, 0x0F,
        0x03, 0x00, 0x01, 0x02, 0x04, 0x05, 0x06, 0x07, 0x08, 0x09, 0x0A, 0x0B, 0x0C, 0x0D, 0x0E, 0x0F,
        0x04, 0x05, 0x06, 0x07, 0x00, 0x01, 0x02, 0x03, 0x0C, 0x0D, 0x0E, 0x0F, 0x08, 0x09, 0x0A, 0x0B,
        0x00, 0x01, 0x02, 0x03, 0x04, 0x05, 0x06, 0x07, 0x08, 0x09, 0x0A, 0x0B, 0x0C, 0x0D, 0x0E, 0x0F,
        0x01, 0x02, 0x03, 0x00, 0x04, 0x05, 0x06, 0x07, 0x08, 0x09, 0x0A, 0x0B, 0x0C, 0x0D, 0x0E, 0x0F,
        0xFF, 0xFF, 0xFF, 0xFF, 0xFF, 0xFF, 0xFF, 0xFF, 0xFF, 0xFF, 0xFF, 0xFF, 0x0C, 0x0D, 0x0E, 0x0F,
        0x00, 0x01, 0x02, 0x03, 0x04, 0x05, 0x06, 0x07, 0x08, 0x09, 0x0A, 0x0B, 0x0C, 0x0D, 0x0E, 0x0F,
        0x02, 0x03, 0x00, 0x01, 0x04, 0x05, 0x06, 0x07, 0x08, 0x09, 0x0A, 0x0B, 0x0C, 0x0D, 0x0E, 0x0F,
        0x0C, 0x0D, 0x0E, 0x0F, 0x08, 0x09, 0x0A, 0x0B, 0x04, 0x05, 0x06, 0x07, 0x00, 0x01, 0x02, 0x03,
        0x01, 0x02, 0x03, 0x00, 0x04, 0x05, 0x06, 0x07, 0x08, 0x09, 0x0A, 0x0B, 0x0C, 0x0D, 0x0E, 0x0F,
        0x08, 0x09, 0x0A, 0x0B, 0x04, 0x05, 0x06, 0x07, 0x00, 0x01, 0x02, 0x03, 0x0C, 0x0D, 0x0E, 0x0F,
        0x0C, 0x0D, 0x0E, 0x0F, 0x08, 0x09, 0x0A, 0x0B, 0x00, 0x01, 0x02, 0x03, 0x04, 0x05, 0x06, 0x07,
        0x08, 0x09, 0x0A, 0x0B, 0x0C, 0x0D, 0x0E, 0x0F, 0x04, 0x05, 0x06, 0x07, 0x00, 0x01, 0x02, 0x03,
        0x07, 0x04, 0x05, 0x06, 0x08, 0x09, 0x0A, 0x0B, 0x0C, 0x0D, 0x0E, 0x0F, 0x00, 0x01, 0x02, 0x03,
        0x04, 0x05, 0x06, 0x07, 0x00, 0x01, 0x02, 0x03, 0x08, 0x09, 0x0A, 0x0B, 0x0C, 0x0D, 0x0E, 0x0F,
        0x00, 0x01, 0x02, 0x03, 0x04, 0x05, 0x06, 0x07, 0x08, 0x09, 0x0A, 0x0B, 0x0C, 0x0D, 0x0E, 0x0F,
        0x00, 0x01, 0x02, 0x03, 0x08, 0x09, 0x0A, 0x0B, 0x0C, 0x0D, 0x0E, 0x0F, 0x04, 0x05, 0x06, 0x07,
        0x0C, 0x0D, 0x0E, 0x0F, 0x08, 0x09, 0x0A, 0x0B, 0xFF, 0xFF, 0xFF, 0xFF, 0xFF, 0xFF, 0xFF, 0xFF,
        0x0D, 0x0E, 0x0F, 0x0C, 0xFF, 0xFF, 0xFF, 0xFF, 0xFF, 0xFF, 0xFF, 0xFF, 0xFF, 0xFF, 0xFF, 0xFF,
        0x00, 0x01, 0x02, 0x03, 0x04, 0x05, 0x06, 0x07, 0x08, 0x09, 0x0A, 0x0B, 0x0C, 0x0D, 0x0E, 0x0F,
        0x08, 0x09, 0x0A, 0x0B, 0x04, 0x05, 0x06, 0x07, 0x0C, 0x0D, 0x0E, 0x0F, 0x00, 0x01, 0x02, 0x03,
        0x0C, 0x0D, 0x0E, 0x0F, 0x08, 0x09, 0x0A, 0x0B, 0xFF, 0xFF, 0xFF, 0xFF, 0xFF, 0xFF, 0xFF, 0xFF,
        0x0D, 0x0E, 0x0F, 0x0C, 0x00, 0x01, 0x02, 0x03, 0x04, 0x05, 0x06, 0x07, 0x08, 0x09, 0x0A, 0x0B,
        0x0C, 0x0D, 0x0E, 0x0F, 0x08, 0x09, 0x0A, 0x0B, 0xFF, 0xFF, 0xFF, 0xFF, 0xFF, 0xFF, 0xFF, 0xFF,
        0x08, 0x09, 0x0A, 0x0B, 0x0C, 0x0D, 0x0E, 0x0F, 0x00, 0x01, 0x02, 0x03, 0x04, 0x05, 0x06, 0x07,
        0x0F, 0x0C, 0x0D, 0x0E, 0x00, 0x01, 0x02, 0x03, 0x04, 0x05, 0x06, 0x07, 0x08, 0x09, 0x0A, 0x0B,
        0xFF, 0xFF, 0xFF, 0xFF, 0x0C, 0x0D, 0x0E, 0x0F, 0xFF, 0xFF, 0xFF, 0xFF, 0xFF, 0xFF, 0xFF, 0xFF,
        0x0C, 0x0D, 0x0E, 0x0F, 0x08, 0x09, 0x0A, 0x0B, 0xFF, 0xFF, 0xFF, 0xFF, 0xFF, 0xFF, 0xFF, 0xFF,
        0x03, 0x00, 0x01, 0x02, 0x04, 0x05, 0x06, 0x07, 0x08, 0x09, 0x0A, 0x0B, 0x0C, 0x0D, 0x0E, 0x0F,
        0x0C, 0x0D, 0x0E, 0x0F, 0xFF, 0xFF, 0xFF, 0xFF, 0xFF, 0xFF, 0xFF, 0xFF, 0xFF, 0xFF, 0xFF, 0xFF,
        0x0C, 0x0D, 0x0E, 0x0F, 0x00, 0x01, 0x02, 0x03, 0x04, 0x05, 0x06, 0x07, 0x08, 0x09, 0x0A, 0x0B,
        0x00, 0x01, 0x02, 0x03, 0xFF, 0xFF, 0xFF, 0xFF, 0xFF, 0xFF, 0xFF, 0xFF, 0xFF, 0xFF, 0xFF, 0xFF,
        0x08, 0x09, 0x0A, 0x0B, 0x00, 0x01, 0x02, 0x03, 0x04, 0x05, 0x06, 0x07, 0x0C, 0x0D, 0x0E, 0x0F,
        0x05, 0x06, 0x07, 0x04, 0x08, 0x09, 0x0A, 0x0B, 0x0C, 0x0D, 0x0E, 0x0F, 0x00, 0x01, 0x02, 0x03,
        0x0C, 0x0D, 0x0E, 0x0F, 0x00, 0x01, 0x02, 0x03, 0x04, 0x05, 0x06, 0x07, 0x08, 0x09, 0x0A, 0x0B,
        0x0C, 0x0D, 0x0E, 0x0F, 0x08, 0x09, 0x0A, 0x0B, 0x00, 0x01, 0x02, 0x03, 0x04, 0x05, 0x06, 0x07,
        0x09, 0x0A, 0x0B, 0x08, 0x0C, 0x0D, 0x0E, 0x0F, 0x00, 0x01, 0x02, 0x03, 0x04, 0x05, 0x06, 0x07,
        0x00, 0x01, 0x02, 0x03, 0x04, 0x05, 0x06, 0x07, 0x08, 0x09, 0x0A, 0x0B, 0x0C, 0x0D, 0x0E, 0x0F,
        0x00, 0x01, 0x02, 0x03, 0x08, 0x09, 0x0A, 0x0B, 0x0C, 0x0D, 0x0E, 0x0F, 0x04, 0x05, 0x06, 0x07,
        0x08, 0x09, 0x0A, 0x0B, 0x04, 0x05, 0x06, 0x07, 0x0C, 0x0D, 0x0E, 0x0F, 0x00, 0x01, 0x02, 0x03,
        0x0B, 0x08, 0x09, 0x0A, 0x0C, 0x0D, 0x0E, 0x0F, 0x00, 0x01, 0x02, 0x03, 0x04, 0x05, 0x06, 0x07,
        0x08, 0x09, 0x0A, 0x0B, 0x0C, 0x0D, 0x0E, 0x0F, 0x00, 0x01, 0x02, 0x03, 0x04, 0x05, 0x06, 0x07,
        0x08, 0x09, 0x0A, 0x0B, 0x0C, 0x0D, 0x0E, 0x0F, 0xFF, 0xFF, 0xFF, 0xFF, 0xFF, 0xFF, 0xFF, 0xFF,
        0x06, 0x07, 0x04, 0x05, 0x08, 0x09, 0x0A, 0x0B, 0x0C, 0x0D, 0x0E, 0x0F, 0x00, 0x01, 0x02, 0x03,
        0x04, 0x05, 0x06, 0x07, 0x08, 0x09, 0x0A, 0x0B, 0x0C, 0x0D, 0x0E, 0x0F, 0x00, 0x01, 0x02, 0x03,
        0x04, 0x05, 0x06, 0x07, 0x08, 0x09, 0x0A, 0x0B, 0x0C, 0x0D, 0x0E, 0x0F, 0xFF, 0xFF, 0xFF, 0xFF,
        0x04, 0x05, 0x06, 0x07, 0xFF, 0xFF, 0xFF, 0xFF, 0xFF, 0xFF, 0xFF, 0xFF, 0xFF, 0xFF, 0xFF, 0xFF,
        0x00, 0x01, 0x02, 0x03, 0x04, 0x05, 0x06, 0x07, 0x08, 0x09, 0x0A, 0x0B, 0x0C, 0x0D, 0x0E, 0x0F,
        0x08, 0x09, 0x0A, 0x0B, 0x04, 0x05, 0x06, 0x07, 0xFF, 0xFF, 0xFF, 0xFF, 0x0C, 0x0D, 0x0E, 0x0F,
        0x00, 0x01, 0x02, 0x03, 0x04, 0x05, 0x06, 0x07, 0x08, 0x09, 0x0A, 0x0B, 0x0C, 0x0D, 0x0E, 0x0F,
        0x07, 0x04, 0x05, 0x06, 0x08, 0x09, 0x0A, 0x0B, 0x0C, 0x0D, 0x0E, 0x0F, 0xFF, 0xFF, 0xFF, 0xFF,
        0x0A, 0x0B, 0x08, 0x09, 0x0C, 0x0D, 0x0E, 0x0F, 0xFF, 0xFF, 0xFF, 0xFF, 0xFF, 0xFF, 0xFF, 0xFF,
        0x08, 0x09, 0x0A, 0x0B, 0x0C, 0x0D, 0x0E, 0x0F, 0x04, 0x05, 0x06, 0x07, 0x00, 0x01, 0x02, 0x03,
        0xFF, 0xFF, 0xFF, 0xFF, 0x0C, 0x0D, 0x0E, 0x0F, 0xFF, 0xFF, 0xFF, 0xFF, 0x08, 0x09, 0x0A, 0x0B,
        0x0F, 0x0C, 0x0D, 0x0E, 0x00, 0x01, 0x02, 0x03, 0x04, 0x05, 0x06, 0x07, 0x08, 0x09, 0x0A, 0x0B,
        0x00, 0x01, 0x02, 0x03, 0x04, 0x05, 0x06, 0x07, 0x0C, 0x0D, 0x0E, 0x0F, 0x08, 0x09, 0x0A, 0x0B,
        0x00, 0x01, 0x02, 0x03, 0x04, 0x05, 0x06, 0x07, 0x0C, 0x0D, 0x0E, 0x0F, 0x08, 0x09, 0x0A, 0x0B,
        0x0F, 0x0C, 0x0D, 0x0E, 0xFF, 0xFF, 0xFF, 0xFF, 0xFF, 0xFF, 0xFF, 0xFF, 0xFF, 0xFF, 0xFF, 0xFF,
        0x0B, 0x08, 0x09, 0x0A, 0x0C, 0x0D, 0x0E, 0x0F, 0x00, 0x01, 0x02, 0x03, 0x04, 0x05, 0x06, 0x07,
        0x00, 0x01, 0x02, 0x03, 0x0C, 0x0D, 0x0E, 0x0F, 0x04, 0x05, 0x06, 0x07, 0x08, 0x09, 0x0A, 0x0B,
        0x0E, 0x0F, 0x0C, 0x0D, 0xFF, 0xFF, 0xFF, 0xFF, 0xFF, 0xFF, 0xFF, 0xFF, 0xFF, 0xFF, 0xFF, 0xFF,
        0x0A, 0x0B, 0x08, 0x09, 0x0C, 0x0D, 0x0E, 0x0F, 0xFF, 0xFF, 0xFF, 0xFF, 0xFF, 0xFF, 0xFF, 0xFF,
        0x0C, 0x0D, 0x0E, 0x0F, 0x08, 0x09, 0x0A, 0x0B, 0x04, 0x05, 0x06, 0x07, 0x00, 0x01, 0x02, 0x03,
        0x00, 0x01, 0x02, 0x03, 0x04, 0x05, 0x06, 0x07, 0x0C, 0x0D, 0x0E, 0x0F, 0x08, 0x09, 0x0A, 0x0B,
        0x04, 0x05, 0x06, 0x07, 0x00, 0x01, 0x02, 0x03, 0x0C, 0x0D, 0x0E, 0x0F, 0x08, 0x09, 0x0A, 0x0B,
        0x04, 0x05, 0x06, 0x07, 0xFF, 0xFF, 0xFF, 0xFF, 0xFF, 0xFF, 0xFF, 0xFF, 0xFF, 0xFF, 0xFF, 0xFF,
        0x05, 0x06, 0x07, 0x04, 0x08, 0x09, 0x0A, 0x0B, 0x0C, 0x0D, 0x0E, 0x0F, 0xFF, 0xFF, 0xFF, 0xFF,
        0x00, 0x01, 0x02, 0x03, 0x04, 0x05, 0x06, 0x07, 0x08, 0x09, 0x0A, 0x0B, 0x0C, 0x0D, 0x0E, 0x0F,
        0x0C, 0x0D, 0x0E, 0x0F, 0xFF, 0xFF, 0xFF, 0xFF, 0xFF, 0xFF, 0xFF, 0xFF, 0xFF, 0xFF, 0xFF, 0xFF,
        0x04, 0x05, 0x06, 0x07, 0x00, 0x01, 0x02, 0x03, 0x0C, 0x0D, 0x0E, 0x0F, 0x08, 0x09, 0x0A, 0x0B,
        0x0C, 0x0D, 0x0E, 0x0F, 0x08, 0x09, 0x0A, 0x0B, 0xFF, 0xFF, 0xFF, 0xFF, 0xFF, 0xFF, 0xFF, 0xFF,
        0x08, 0x09, 0x0A, 0x0B, 0x00, 0x01, 0x02, 0x03, 0x04, 0x05, 0x06, 0x07, 0x0C, 0x0D, 0x0E, 0x0F,
        0x0C, 0x0D, 0x0E, 0x0F, 0x08, 0x09, 0x0A, 0x0B, 0xFF, 0xFF, 0xFF, 0xFF, 0xFF, 0xFF, 0xFF, 0xFF,
        0x00, 0x01, 0x02, 0x03, 0x04, 0x05, 0x06, 0x07, 0x08, 0x09, 0x0A, 0x0B, 0x0C, 0x0D, 0x0E, 0x0F,
        0x02, 0x03, 0x00, 0x01, 0x04, 0x05, 0x06, 0x07, 0x08, 0x09, 0x0A, 0x0B, 0x0C, 0x0D, 0x0E, 0x0F,
        0x0C, 0x0D, 0x0E, 0x0F, 0x00, 0x01, 0x02, 0x03, 0x04, 0x05, 0x06, 0x07, 0x08, 0x09, 0x0A, 0x0B,
        0x0C, 0x0D, 0x0E, 0x0F, 0xFF, 0xFF, 0xFF, 0xFF, 0xFF, 0xFF, 0xFF, 0xFF, 0xFF, 0xFF, 0xFF, 0xFF,
        0x0C, 0x0D, 0x0E, 0x0F, 0x08, 0x09, 0x0A, 0x0B, 0xFF, 0xFF, 0xFF, 0xFF, 0xFF, 0xFF, 0xFF, 0xFF,
        0x0E, 0x0F, 0x0C, 0x0D, 0x00, 0x01, 0x02, 0x03, 0x04, 0x05, 0x06, 0x07, 0x08, 0x09, 0x0A, 0x0B,
        0x00, 0x01, 0x02, 0x03, 0x04, 0x05, 0x06, 0x07, 0x08, 0x09, 0x0A, 0x0B, 0x0C, 0x0D, 0x0E, 0x0F,
        0x00, 0x01, 0x02, 0x03, 0x0C, 0x0D, 0x0E, 0x0F, 0x08, 0x09, 0x0A, 0x0B, 0x04, 0x05, 0x06, 0x07,
        0x0C, 0x0D, 0x0E, 0x0F, 0x00, 0x01, 0x02, 0x03, 0x08, 0x09, 0x0A, 0x0B, 0x04, 0x05, 0x06, 0x07,
        0x06, 0x07, 0x04, 0x05, 0x08, 0x09, 0x0A, 0x0B, 0x0C, 0x0D, 0x0E, 0x0F, 0xFF, 0xFF, 0xFF, 0xFF,
        0x04, 0x05, 0x06, 0x07, 0x00, 0x01, 0x02, 0x03, 0x0C, 0x0D, 0x0E, 0x0F, 0x08, 0x09, 0x0A, 0x0B,
        0x04, 0x05, 0x06, 0x07, 0x08, 0x09, 0x0A, 0x0B, 0xFF, 0xFF, 0xFF, 0xFF, 0x0C, 0x0D, 0x0E, 0x0F,
        0x0C, 0x0D, 0x0E, 0x0F, 0xFF, 0xFF, 0xFF, 0xFF, 0xFF, 0xFF, 0xFF, 0xFF, 0xFF, 0xFF, 0xFF, 0xFF,
        0x0F, 0x0C, 0x0D, 0x0E, 0x00, 0x01, 0x02, 0x03, 0x04, 0x05, 0x06, 0x07, 0x08, 0x09, 0x0A, 0x0B,
        0x08, 0x09, 0x0A, 0x0B, 0x04, 0x05, 0x06, 0x07, 0xFF, 0xFF, 0xFF, 0xFF, 0x0C, 0x0D, 0x0E, 0x0F,
        0x00, 0x01, 0x02, 0x03, 0x04, 0x05, 0x06, 0x07, 0x08, 0x09, 0x0A, 0x0B, 0x0C, 0x0D, 0x0E, 0x0F,
        0x06, 0x07, 0x04, 0x05, 0x08, 0x09, 0x0A, 0x0B, 0x0C, 0x0D, 0x0E, 0x0F, 0xFF, 0xFF, 0xFF, 0xFF,
        0x09, 0x0A, 0x0B, 0x08, 0x0C, 0x0D, 0x0E, 0x0F, 0xFF, 0xFF, 0xFF, 0xFF, 0xFF, 0xFF, 0xFF, 0xFF,
        0x04, 0x05, 0x06, 0x07, 0x08, 0x09, 0x0A, 0x0B, 0x0C, 0x0D, 0x0E, 0x0F, 0xFF, 0xFF, 0xFF, 0xFF,
        0x04, 0x05, 0x06, 0x07, 0x08, 0x09, 0x0A, 0x0B, 0xFF, 0xFF, 0xFF, 0xFF, 0x0C, 0x0D, 0x0E, 0x0F,
        0xFF, 0xFF, 0xFF, 0xFF, 0x08, 0x09, 0x0A, 0x0B, 0x0C, 0x0D, 0x0E, 0x0F, 0x04, 0x05, 0x06, 0x07,
        0x03, 0x00, 0x01, 0x02, 0x04, 0x05, 0x06, 0x07, 0x08, 0x09, 0x0A, 0x0B, 0x0C, 0x0D, 0x0E, 0x0F,
        0x07, 0x04, 0x05, 0x06, 0x08, 0x09, 0x0A, 0x0B, 0x0C, 0x0D, 0x0E, 0x0F, 0xFF, 0xFF, 0xFF, 0xFF,
        0x05, 0x06, 0x07, 0x04, 0x08, 0x09, 0x0A, 0x0B, 0x0C, 0x0D, 0x0E, 0x0F, 0xFF, 0xFF, 0xFF, 0xFF,
        0x0E, 0x0F, 0x0C, 0x0D, 0xFF, 0xFF, 0xFF, 0xFF, 0xFF, 0xFF, 0xFF, 0xFF, 0xFF, 0xFF, 0xFF, 0xFF,
        0x0C, 0x0D, 0x0E, 0x0F, 0x08, 0x09, 0x0A, 0x0B, 0xFF, 0xFF, 0xFF, 0xFF, 0xFF, 0xFF, 0xFF, 0xFF,
        0x04, 0x05, 0x06, 0x07, 0x08, 0x09, 0x0A, 0x0B, 0x0C, 0x0D, 0x0E, 0x0F, 0xFF, 0xFF, 0xFF, 0xFF,
        0x04, 0x05, 0x06, 0x07, 0x0C, 0x0D, 0x0E, 0x0F, 0x00, 0x01, 0x02, 0x03, 0x08, 0x09, 0x0A, 0x0B,
        0x0E, 0x0F, 0x0C, 0x0D, 0x00, 0x01, 0x02, 0x03, 0x04, 0x05, 0x06, 0x07, 0x08, 0x09, 0x0A, 0x0B,
        0x0C, 0x0D, 0x0E, 0x0F, 0xFF, 0xFF, 0xFF, 0xFF, 0xFF, 0xFF, 0xFF, 0xFF, 0xFF, 0xFF, 0xFF, 0xFF,
        0x0C, 0x0D, 0x0E, 0x0F, 0xFF, 0xFF, 0xFF, 0xFF, 0xFF, 0xFF, 0xFF, 0xFF, 0xFF, 0xFF, 0xFF, 0xFF,
        0x08, 0x09, 0x0A, 0x0B, 0x0C, 0x0D, 0x0E, 0x0F, 0xFF, 0xFF, 0xFF, 0xFF, 0xFF, 0xFF, 0xFF, 0xFF,
        0x03, 0x00, 0x01, 0x02, 0x04, 0x05, 0x06, 0x07, 0x08, 0x09, 0x0A, 0x0B, 0x0C, 0x0D, 0x0E, 0x0F,
        0x04, 0x05, 0x06, 0x07, 0x08, 0x09, 0x0A, 0x0B, 0x0C, 0x0D, 0x0E, 0x0F, 0x00, 0x01, 0x02, 0x03,
        0x04, 0x05, 0x06, 0x07, 0x00, 0x01, 0x02, 0x03, 0x08, 0x09, 0x0A, 0x0B, 0x0C, 0x0D, 0x0E, 0x0F,
        0x00, 0x01, 0x02, 0x03, 0x0C, 0x0D, 0x0E, 0x0F, 0x08, 0x09, 0x0A, 0x0B, 0x04, 0x05, 0x06, 0x07,
        0xFF, 0xFF, 0xFF, 0xFF, 0x08, 0x09, 0x0A, 0x0B, 0x0C, 0x0D, 0x0E, 0x0F, 0x04, 0x05, 0x06, 0x07,
        0x00, 0x01, 0x02, 0x03, 0x04, 0x05, 0x06, 0x07, 0x08, 0x09, 0x0A, 0x0B, 0x0C, 0x0D, 0x0E, 0x0F,
        0x00, 0x01, 0x02, 0x03, 0x04, 0x05, 0x06, 0x07, 0x08, 0x09, 0x0A, 0x0B, 0x0C, 0x0D, 0x0E, 0x0F,
        0x04, 0x05, 0x06, 0x07, 0x08, 0x09, 0x0A, 0x0B, 0xFF, 0xFF, 0xFF, 0xFF, 0x0C, 0x0D, 0x0E, 0x0F,
        0x00, 0x01, 0x02, 0x03, 0x04, 0x05, 0x06, 0x07, 0x08, 0x09, 0x0A, 0x0B, 0x0C, 0x0D, 0x0E, 0x0F,
        0x04, 0x05, 0x06, 0x07, 0x08, 0x09, 0x0A, 0x0B, 0x00, 0x01, 0x02, 0x03, 0x0C, 0x0D, 0x0E, 0x0F,
        0xFF, 0xFF, 0xFF, 0xFF, 0x0C, 0x0D, 0x0E, 0x0F, 0xFF, 0xFF, 0xFF, 0xFF, 0x08, 0x09, 0x0A, 0x0B,
        0xFF, 0xFF, 0xFF, 0xFF, 0xFF, 0xFF, 0xFF, 0xFF, 0xFF, 0xFF, 0xFF, 0xFF, 0x0C, 0x0D, 0x0E, 0x0F,
        0x0B, 0x08, 0x09, 0x0A, 0x0C, 0x0D, 0x0E, 0x0F, 0xFF, 0xFF, 0xFF, 0xFF, 0xFF, 0xFF, 0xFF, 0xFF,
        0x0A, 0x0B, 0x08, 0x09, 0x0C, 0x0D, 0x0E, 0x0F, 0x00, 0x01, 0x02, 0x03, 0x04, 0x05, 0x06, 0x07,
        0x08, 0x09, 0x0A, 0x0B, 0x0C, 0x0D, 0x0E, 0x0F, 0xFF, 0xFF, 0xFF, 0xFF, 0xFF, 0xFF, 0xFF, 0xFF,
        0x00, 0x01, 0x02, 0x03, 0x08, 0x09, 0x0A, 0x0B, 0x0C, 0x0D, 0x0E, 0x0F, 0x04, 0x05, 0x06, 0x07,
        0x04, 0x05, 0x06, 0x07, 0x00, 0x01, 0x02, 0x03, 0x0C, 0x0D, 0x0E, 0x0F, 0x08, 0x09, 0x0A, 0x0B,
        0x0C, 0x0D, 0x0E, 0x0F, 0xFF, 0xFF, 0xFF, 0xFF, 0xFF, 0xFF, 0xFF, 0xFF, 0xFF, 0xFF, 0xFF, 0xFF,
        0x00, 0x01, 0x02, 0x03, 0x04, 0x05, 0x06, 0x07, 0x0C, 0x0D, 0x0E, 0x0F, 0x08, 0x09, 0x0A, 0x0B,
        0x04, 0x05, 0x06, 0x07, 0x08, 0x09, 0x0A, 0x0B, 0x0C, 0x0D, 0x0E, 0x0F, 0x00, 0x01, 0x02, 0x03,
        0x07, 0x04, 0x05, 0x06, 0x08, 0x09, 0x0A, 0x0B, 0x0C, 0x0D, 0x0E, 0x0F, 0x00, 0x01, 0x02, 0x03,
        0x0C, 0x0D, 0x0E, 0x0F, 0x04, 0x05, 0x06, 0x07, 0x08, 0x09, 0x0A, 0x0B, 0x00, 0x01, 0x02, 0x03,
        0xFF, 0xFF, 0xFF, 0xFF, 0x08, 0x09, 0x0A, 0x0B, 0x0C, 0x0D, 0x0E, 0x0F, 0x04, 0x05, 0x06, 0x07,
        0x04, 0x05, 0x06, 0x07, 0x0C, 0x0D, 0x0E, 0x0F, 0x00, 0x01, 0x02, 0x03, 0x08, 0x09, 0x0A, 0x0B,
        0x00, 0x01, 0x02, 0x03, 0x04, 0x05, 0x06, 0x07, 0x08, 0x09, 0x0A, 0x0B, 0x0C, 0x0D, 0x0E, 0x0F,
        0x03, 0x00, 0x01, 0x02, 0x04, 0x05, 0x06, 0x07, 0x08, 0x09, 0x0A, 0x0B, 0x0C, 0x0D, 0x0E, 0x0F,
        0x0C, 0x0D, 0x0E, 0x0F, 0x04, 0x05, 0x06, 0x07, 0x08, 0x09, 0x0A, 0x0B, 0x00, 0x01, 0x02, 0x03,
        0x06, 0x07, 0x04, 0x05, 0x08, 0x09, 0x0A, 0x0B, 0x0C, 0x0D, 0x0E, 0x0F, 0x00, 0x01, 0x02, 0x03,
        0x00, 0x01, 0x02, 0x03, 0x08, 0x09, 0x0A, 0x0B, 0x0C, 0x0D, 0x0E, 0x0F, 0x04, 0x05, 0x06, 0x07,
        0x03, 0x00, 0x01, 0x02, 0x04, 0x05, 0x06, 0x07, 0x08, 0x09, 0x0A, 0x0B, 0x0C, 0x0D, 0x0E, 0x0F,
        0xFF, 0xFF, 0xFF, 0xFF, 0xFF, 0xFF, 0xFF, 0xFF, 0xFF, 0xFF, 0xFF, 0xFF, 0xFF, 0xFF, 0xFF, 0xFF,
        0x01, 0x02, 0x03, 0x00, 0x04, 0x05, 0x06, 0x07, 0x08, 0x09, 0x0A, 0x0B, 0x0C, 0x0D, 0x0E, 0x0F,
        0x01, 0x02, 0x03, 0x00, 0x04, 0x05, 0x06, 0x07, 0x08, 0x09, 0x0A, 0x0B, 0x0C, 0x0D, 0x0E, 0x0F,
        0x01, 0x02, 0x03, 0x00, 0x04, 0x05, 0x06, 0x07, 0x08, 0x09, 0x0A, 0x0B, 0x0C, 0x0D, 0x0E, 0x0F,
        0x09, 0x0A, 0x0B, 0x08, 0x0C, 0x0D, 0x0E, 0x0F, 0xFF, 0xFF, 0xFF, 0xFF, 0xFF, 0xFF, 0xFF, 0xFF,
        0x08, 0x09, 0x0A, 0x0B, 0x0C, 0x0D, 0x0E, 0x0F, 0xFF, 0xFF, 0xFF, 0xFF, 0xFF, 0xFF, 0xFF, 0xFF,
        0x04, 0x05, 0x06, 0x07, 0x00, 0x01, 0x02, 0x03, 0x08, 0x09, 0x0A, 0x0B, 0x0C, 0x0D, 0x0E, 0x0F,
        0x0F, 0x0C, 0x0D, 0x0E, 0xFF, 0xFF, 0xFF, 0xFF, 0xFF, 0xFF, 0xFF, 0xFF, 0xFF, 0xFF, 0xFF, 0xFF,
        0x0D, 0x0E, 0x0F, 0x0C, 0xFF, 0xFF, 0xFF, 0xFF, 0xFF, 0xFF, 0xFF, 0xFF, 0xFF, 0xFF, 0xFF, 0xFF,
        0x0C, 0x0D, 0x0E, 0x0F, 0x08, 0x09, 0x0A, 0x0B, 0xFF, 0xFF, 0xFF, 0xFF, 0xFF, 0xFF, 0xFF, 0xFF,
        0x08, 0x09, 0x0A, 0x0B, 0x0C, 0x0D, 0x0E, 0x0F, 0xFF, 0xFF, 0xFF, 0xFF, 0xFF, 0xFF, 0xFF, 0xFF,
        0x0D, 0x0E, 0x0F, 0x0C, 0xFF, 0xFF, 0xFF, 0xFF, 0xFF, 0xFF, 0xFF, 0xFF, 0xFF, 0xFF, 0xFF, 0xFF,
        0x0C, 0x0D, 0x0E, 0x0F, 0x00, 0x01, 0x02, 0x03, 0x08, 0x09, 0x0A, 0x0B, 0x04, 0x05, 0x06, 0x07,
        0x01, 0x02, 0x03, 0x00, 0x04, 0x05, 0x06, 0x07, 0x08, 0x09, 0x0A, 0x0B, 0x0C, 0x0D, 0x0E, 0x0F,
        0x09, 0x0A, 0x0B, 0x08, 0x0C, 0x0D, 0x0E, 0x0F, 0x00, 0x01, 0x02, 0x03, 0x04, 0x05, 0x06, 0x07,
        0x00, 0x01, 0x02, 0x03, 0x04, 0x05, 0x06, 0x07, 0x08, 0x09, 0x0A, 0x0B, 0x0C, 0x0D, 0x0E, 0x0F,
        0x00, 0x01, 0x02, 0x03, 0x04, 0x05, 0x06, 0x07, 0x08, 0x09, 0x0A, 0x0B, 0x0C, 0x0D, 0x0E, 0x0F,
        0x0D, 0x0E, 0x0F, 0x0C, 0xFF, 0xFF, 0xFF, 0xFF, 0xFF, 0xFF, 0xFF, 0xFF, 0xFF, 0xFF, 0xFF, 0xFF,
        0x00, 0x01, 0x02, 0x03, 0x04, 0x05, 0x06, 0x07, 0x08, 0x09, 0x0A, 0x0B, 0x0C, 0x0D, 0x0E, 0x0F,
        0x0B, 0x08, 0x09, 0x0A, 0x0C, 0x0D, 0x0E, 0x0F, 0x00, 0x01, 0x02, 0x03, 0x04, 0x05, 0x06, 0x07,
        0x08, 0x09, 0x0A, 0x0B, 0x04, 0x05, 0x06, 0x07, 0x0C, 0x0D, 0x0E, 0x0F, 0x00, 0x01, 0x02, 0x03,
        0x0C, 0x0D, 0x0E, 0x0F, 0x08, 0x09, 0x0A, 0x0B, 0xFF, 0xFF, 0xFF, 0xFF, 0xFF, 0xFF, 0xFF, 0xFF,
        0x00, 0x01, 0x02, 0x03, 0x04, 0x05, 0x06, 0x07, 0x08, 0x09, 0x0A, 0x0B, 0x0C, 0x0D, 0x0E, 0x0F,
        0x05, 0x06, 0x07, 0x04, 0x08, 0x09, 0x0A, 0x0B, 0x0C, 0x0D, 0x0E, 0x0F, 0xFF, 0xFF, 0xFF, 0xFF,
        0x00, 0x01, 0x02, 0x03, 0x04, 0x05, 0x06, 0x07, 0x08, 0x09, 0x0A, 0x0B, 0x0C, 0x0D, 0x0E, 0x0F,
        0x09, 0x0A, 0x0B, 0x08, 0x0C, 0x0D, 0x0E, 0x0F, 0xFF, 0xFF, 0xFF, 0xFF, 0xFF, 0xFF, 0xFF, 0xFF,
        0x00, 0x01, 0x02, 0x03, 0x04, 0x05, 0x06, 0x07, 0x0C, 0x0D, 0x0E, 0x0F, 0x08, 0x09, 0x0A, 0x0B,
        0x04, 0x05, 0x06, 0x07, 0x08, 0x09, 0x0A, 0x0B, 0x0C, 0x0D, 0x0E, 0x0F, 0xFF, 0xFF, 0xFF, 0xFF,
        0x08, 0x09, 0x0A, 0x0B, 0x00, 0x01, 0x02, 0x03, 0x04, 0x05, 0x06, 0x07, 0x0C, 0x0D, 0x0E, 0x0F,
        0x0C, 0x0D, 0x0E, 0x0F, 0x08, 0x09, 0x0A, 0x0B, 0xFF, 0xFF, 0xFF, 0xFF, 0xFF, 0xFF, 0xFF, 0xFF,
        0x0D, 0x0E, 0x0F, 0x0C, 0xFF, 0xFF, 0xFF, 0xFF, 0xFF, 0xFF, 0xFF, 0xFF, 0xFF, 0xFF, 0xFF, 0xFF,
        0x00, 0x01, 0x02, 0x03, 0x04, 0x05, 0x06, 0x07, 0x08, 0x09, 0x0A, 0x0B, 0x0C, 0x0D, 0x0E, 0x0F,
        0x0F, 0x0C, 0x0D, 0x0E, 0xFF, 0xFF, 0xFF, 0xFF, 0xFF, 0xFF, 0xFF, 0xFF, 0xFF, 0xFF, 0xFF, 0xFF,
        0x0C, 0x0D, 0x0E, 0x0F, 0xFF, 0xFF, 0xFF, 0xFF, 0xFF, 0xFF, 0xFF, 0xFF, 0xFF, 0xFF, 0xFF, 0xFF,
        0x08, 0x09, 0x0A, 0x0B, 0x04, 0x05, 0x06, 0x07, 0x0C, 0x0D, 0x0E, 0x0F, 0x00, 0x01, 0x02, 0x03,
        0x04, 0x05, 0x06, 0x07, 0x08, 0x09, 0x0A, 0x0B, 0xFF, 0xFF, 0xFF, 0xFF, 0x0C, 0x0D, 0x0E, 0x0F,
        0x0D, 0x0E, 0x0F, 0x0C, 0x00, 0x01, 0x02, 0x03, 0x04, 0x05, 0x06, 0x07, 0x08, 0x09, 0x0A, 0x0B,
        0x02, 0x03, 0x00, 0x01, 0x04, 0x05, 0x06, 0x07, 0x08, 0x09, 0x0A, 0x0B, 0x0C, 0x0D, 0x0E, 0x0F,
        0x03, 0x00, 0x01, 0x02, 0x04, 0x05, 0x06, 0x07, 0x08, 0x09, 0x0A, 0x0B, 0x0C, 0x0D, 0x0E, 0x0F,
        0x0C, 0x0D, 0x0E, 0x0F, 0x08, 0x09, 0x0A, 0x0B, 0xFF, 0xFF, 0xFF, 0xFF, 0xFF, 0xFF, 0xFF, 0xFF,
        0x05, 0x06, 0x07, 0x04, 0x08, 0x09, 0x0A, 0x0B, 0x0C, 0x0D, 0x0E, 0x0F, 0xFF, 0xFF, 0xFF, 0xFF,
        0x0C, 0x0D, 0x0E, 0x0F, 0x08, 0x09, 0x0A, 0x0B, 0x04, 0x05, 0x06, 0x07, 0x00, 0x01, 0x02, 0x03,
        0x0A, 0x0B, 0x08, 0x09, 0x0C, 0x0D, 0x0E, 0x0F, 0x00, 0x01, 0x02, 0x03, 0x04, 0x05, 0x06, 0x07,
        0x04, 0x05, 0x06, 0x07, 0x00, 0x01, 0x02, 0x03, 0x08, 0x09, 0x0A, 0x0B, 0x0C, 0x0D, 0x0E, 0x0F,
        0x05, 0x06, 0x07, 0x04, 0x08, 0x09, 0x0A, 0x0B, 0x0C, 0x0D, 0x0E, 0x0F, 0x00, 0x01, 0x02, 0x03,
        0x04, 0x05, 0x06, 0x07, 0x0C, 0x0D, 0x0E, 0x0F, 0x00, 0x01, 0x02, 0x03, 0x08, 0x09, 0x0A, 0x0B,
        0x0B, 0x08, 0x09, 0x0A, 0x0C, 0x0D, 0x0E, 0x0F, 0xFF, 0xFF, 0xFF, 0xFF, 0xFF, 0xFF, 0xFF, 0xFF,
        0x00, 0x01, 0x02, 0x03, 0x04, 0x05, 0x06, 0x07, 0x0C, 0x0D, 0x0E, 0x0F, 0x08, 0x09, 0x0A, 0x0B,
        0xFF, 0xFF, 0xFF, 0xFF, 0x0C, 0x0D, 0x0E, 0x0F, 0xFF, 0xFF, 0xFF, 0xFF, 0xFF, 0xFF, 0xFF, 0xFF,
        0x08, 0x09, 0x0A, 0x0B, 0x0C, 0x0D, 0x0E, 0x0F, 0xFF, 0xFF, 0xFF, 0xFF, 0xFF, 0xFF, 0xFF, 0xFF,
        0x00, 0x01, 0x02, 0x03, 0x04, 0x05, 0x06, 0x07, 0x08, 0x09, 0x0A, 0x0B, 0x0C, 0x0D, 0x0E, 0x0F,
        0x00, 0x01, 0x02, 0x03, 0x04, 0x05, 0x06, 0x07, 0x08, 0x09, 0x0A, 0x0B, 0x0C, 0x0D, 0x0E, 0x0F,
        0x0C, 0x0D, 0x0E, 0x0F, 0x04, 0x05, 0x06, 0x07, 0x08, 0x09, 0x0A, 0x0B, 0x00, 0x01, 0x02, 0x03,
        0x04, 0x05, 0x06, 0x07, 0x00, 0x01, 0x02, 0x03, 0x08, 0x09, 0x0A, 0x0B, 0x0C, 0x0D, 0x0E, 0x0F,
        0x00, 0x01, 0x02, 0x03, 0x04, 0x05, 0x06, 0x07, 0x08, 0x09, 0x0A, 0x0B, 0x0C, 0x0D, 0x0E, 0x0F,
        0x04, 0x05, 0x06, 0x07, 0x08, 0x09, 0x0A, 0x0B, 0x0C, 0x0D, 0x0E, 0x0F, 0x00, 0x01, 0x02, 0x03,
        0x0C, 0x0D, 0x0E, 0x0F, 0x04, 0x05, 0x06, 0x07, 0x08, 0x09, 0x0A, 0x0B, 0x00, 0x01, 0x02, 0x03,
        0x0C, 0x0D, 0x0E, 0x0F, 0xFF, 0xFF, 0xFF, 0xFF, 0xFF, 0xFF, 0xFF, 0xFF, 0xFF, 0xFF, 0xFF, 0xFF,
        0x0A, 0x0B, 0x08, 0x09, 0x0C, 0x0D, 0x0E, 0x0F, 0xFF, 0xFF, 0xFF, 0xFF, 0xFF, 0xFF, 0xFF, 0xFF,
        0x0C, 0x0D, 0x0E, 0x0F, 0x00, 0x01, 0x02, 0x03, 0x04, 0x05, 0x06, 0x07, 0x08, 0x09, 0x0A, 0x0B,
        0x06, 0x07, 0x04, 0x05, 0x08, 0x09, 0x0A, 0x0B, 0x0C, 0x0D, 0x0E, 0x0F, 0xFF, 0xFF, 0xFF, 0xFF,
        0x0C, 0x0D, 0x0E, 0x0F, 0x08, 0x09, 0x0A, 0x0B, 0x04, 0x05, 0x06, 0x07, 0x00, 0x01, 0x02, 0x03,
        0x08, 0x09, 0x0A, 0x0B, 0x0C, 0x0D, 0x0E, 0x0F, 0x04, 0x05, 0x06, 0x07, 0x00, 0x01, 0x02, 0x03,
        0x06, 0x07, 0x04, 0x05, 0x08, 0x09, 0x0A, 0x0B, 0x0C, 0x0D, 0x0E, 0x0F, 0x00, 0x01, 0x02, 0x03,
        0x07, 0x04, 0x05, 0x06, 0x08, 0x09, 0x0A, 0x0B, 0x0C, 0x0D, 0x0E, 0x0F, 0xFF, 0xFF, 0xFF, 0xFF,
        0x00, 0x01, 0x02, 0x03, 0x04, 0x05, 0x06, 0x07, 0x08, 0x09, 0x0A, 0x0B, 0x0C, 0x0D, 0x0E, 0x0F,
        0x04, 0x05, 0x06, 0x07, 0x00, 0x01, 0x02, 0x03, 0x0C, 0x0D, 0x0E, 0x0F, 0x08, 0x09, 0x0A, 0x0B,
        0x04, 0x05, 0x06, 0x07, 0x08, 0x09, 0x0A, 0x0B, 0x00, 0x01, 0x02, 0x03, 0x0C, 0x0D, 0x0E, 0x0F,
        0x0C, 0x0D, 0x0E, 0x0F, 0xFF, 0xFF, 0xFF, 0xFF, 0xFF, 0xFF, 0xFF, 0xFF, 0xFF, 0xFF, 0xFF, 0xFF,
        0x0E, 0x0F, 0x0C, 0x0D, 0x00, 0x01, 0x02, 0x03, 0x04, 0x05, 0x06, 0x07, 0x08, 0x09, 0x0A, 0x0B,
        0x04, 0x05, 0x06, 0x07, 0x00, 0x01, 0x02, 0x03, 0x08, 0x09, 0x0A, 0x0B, 0x0C, 0x0D, 0x0E, 0x0F,
        0x08, 0x09, 0x0A, 0x0B, 0x04, 0x05, 0x06, 0x07, 0x0C, 0x0D, 0x0E, 0x0F, 0xFF, 0xFF, 0xFF, 0xFF,
        0x08, 0x09, 0x0A, 0x0B, 0x04, 0x05, 0x06, 0x07, 0x0C, 0x0D, 0x0E, 0x0F, 0x00, 0x01, 0x02, 0x03,
        0x08, 0x09, 0x0A, 0x0B, 0x0C, 0x0D, 0x0E, 0x0F, 0x04, 0x05, 0x06, 0x07, 0x00, 0x01, 0x02, 0x03,
        0x09, 0x0A, 0x0B, 0x08, 0x0C, 0x0D, 0x0E, 0x0F, 0xFF, 0xFF, 0xFF, 0xFF, 0xFF, 0xFF, 0xFF, 0xFF,
        0x02, 0x03, 0x00, 0x01, 0xFF, 0xFF, 0xFF, 0xFF, 0xFF, 0xFF, 0xFF, 0xFF, 0xFF, 0xFF, 0xFF, 0xFF,
        0x00, 0x01, 0x02, 0x03, 0x04, 0x05, 0x06, 0x07, 0x08, 0x09, 0x0A, 0x0B, 0x0C, 0x0D, 0x0E, 0x0F,
        0x0C, 0x0D, 0x0E, 0x0F, 0x04, 0x05, 0x06, 0x07, 0x08, 0x09, 0x0A, 0x0B, 0x00, 0x01, 0x02, 0x03,
        0x00, 0x01, 0x02, 0x03, 0x0C, 0x0D, 0x0E, 0x0F, 0x04, 0x05, 0x06, 0x07, 0x08, 0x09, 0x0A, 0x0B,
        0x00, 0x01, 0x02, 0x03, 0x04, 0x05, 0x06, 0x07, 0x08, 0x09, 0x0A, 0x0B, 0x0C, 0x0D, 0x0E, 0x0F,
        0x08, 0x09, 0x0A, 0x0B, 0x0C, 0x0D, 0x0E, 0x0F, 0xFF, 0xFF, 0xFF, 0xFF, 0xFF, 0xFF, 0xFF, 0xFF,
        0x0E, 0x0F, 0x0C, 0x0D, 0xFF, 0xFF, 0xFF, 0xFF, 0xFF, 0xFF, 0xFF, 0xFF, 0xFF, 0xFF, 0xFF, 0xFF,
        0x0C, 0x0D, 0x0E, 0x0F, 0x08, 0x09, 0x0A, 0x0B, 0xFF, 0xFF, 0xFF, 0xFF, 0xFF, 0xFF, 0xFF, 0xFF,
        0x03, 0x00, 0x01, 0x02, 0x04, 0x05, 0x06, 0x07, 0x08, 0x09, 0x0A, 0x0B, 0x0C, 0x0D, 0x0E, 0x0F,
        0x04, 0x05, 0x06, 0x07, 0x08, 0x09, 0x0A, 0x0B, 0x0C, 0x0D, 0x0E, 0x0F, 0xFF, 0xFF, 0xFF, 0xFF,
        0x02, 0x03, 0x00, 0x01, 0x04, 0x05, 0x06, 0x07, 0x08, 0x09, 0x0A, 0x0B, 0x0C, 0x0D, 0x0E, 0x0F,
        0x04, 0x05, 0x06, 0x07, 0x08, 0x09, 0x0A, 0x0B, 0xFF, 0xFF, 0xFF, 0xFF, 0x0C, 0x0D, 0x0E, 0x0F,
        0x0F, 0x0C, 0x0D, 0x0E, 0x00, 0x01, 0x02, 0x03, 0x04, 0x05, 0x06, 0x07, 0x08, 0x09, 0x0A, 0x0B,
        0x0B, 0x08, 0x09, 0x0A, 0x0C, 0x0D, 0x0E, 0x0F, 0x00, 0x01, 0x02, 0x03, 0x04, 0x05, 0x06, 0x07,
        0x00, 0x01, 0x02, 0x03, 0x04, 0x05, 0x06, 0x07, 0x08, 0x09, 0x0A, 0x0B, 0x0C, 0x0D, 0x0E, 0x0F,
        0xFF, 0xFF, 0xFF, 0xFF, 0x0C, 0x0D, 0x0E, 0x0F, 0xFF, 0xFF, 0xFF, 0xFF, 0xFF, 0xFF, 0xFF, 0xFF,
        0x00, 0x01, 0x02, 0x03, 0x04, 0x05, 0x06, 0x07, 0x0C, 0x0D, 0x0E, 0x0F, 0x08, 0x09, 0x0A, 0x0B,
        0x09, 0x0A, 0x0B, 0x08, 0x0C, 0x0D, 0x0E, 0x0F, 0x00, 0x01, 0x02, 0x03, 0x04, 0x05, 0x06, 0x07,
        0x0C, 0x0D, 0x0E, 0x0F, 0x00, 0x01, 0x02, 0x03, 0x08, 0x09, 0x0A, 0x0B, 0x04, 0x05, 0x06, 0x07,
        0x04, 0x05, 0x06, 0x07, 0x00, 0x01, 0x02, 0x03, 0x08, 0x09, 0x0A, 0x0B, 0x0C, 0x0D, 0x0E, 0x0F,
        0x04, 0x05, 0x06, 0x07, 0x0C, 0x0D, 0x0E, 0x0F, 0x00, 0x01, 0x02, 0x03, 0x08, 0x09, 0x0A, 0x0B,
        0x0B, 0x08, 0x09, 0x0A, 0x0C, 0x0D, 0x0E, 0x0F, 0xFF, 0xFF, 0xFF, 0xFF, 0xFF, 0xFF, 0xFF, 0xFF,
        0x08, 0x09, 0x0A, 0x0B, 0x00, 0x01, 0x02, 0x03, 0x04, 0x05, 0x06, 0x07, 0x0C, 0x0D, 0x0E, 0x0F,
        0x00, 0x01, 0x02, 0x03, 0x04, 0x05, 0x06, 0x07, 0x08, 0x09, 0x0A, 0x0B, 0x0C, 0x0D, 0x0E, 0x0F,
        0x0C, 0x0D, 0x0E, 0x0F, 0x00, 0x01, 0x02, 0x03, 0x08, 0x09, 0x0A, 0x0B, 0x04, 0x05, 0x06, 0x07,
        0x0C, 0x0D, 0x0E, 0x0F, 0x08, 0x09, 0x0A, 0x0B, 0xFF, 0xFF, 0xFF, 0xFF, 0xFF, 0xFF, 0xFF, 0xFF,
        0x02, 0x03, 0x00, 0x01, 0x04, 0x05, 0x06, 0x07, 0x08, 0x09, 0x0A, 0x0B, 0x0C, 0x0D, 0x0E, 0x0F,
        0x08, 0x09, 0x0A, 0x0B, 0x0C, 0x0D, 0x0E, 0x0F, 0xFF, 0xFF, 0xFF, 0xFF, 0xFF, 0xFF, 0xFF, 0xFF,
        0xFF, 0xFF, 0xFF, 0xFF, 0x0C, 0x0D, 0x0E, 0x0F, 0xFF, 0xFF, 0xFF, 0xFF, 0x08, 0x09, 0x0A, 0x0B,
        0x04, 0x05, 0x06, 0x07, 0x08, 0x09, 0x0A, 0x0B, 0x0C, 0x0D, 0x0E, 0x0F, 0x00, 0x01, 0x02, 0x03,
        0x0C, 0x0D, 0x0E, 0x0F, 0x08, 0x09, 0x0A, 0x0B, 0x04, 0x05, 0x06, 0x07, 0x00, 0x01, 0x02, 0x03,
        0x08, 0x09, 0x0A, 0x0B, 0x00, 0x01, 0x02, 0x03, 0x04, 0x05, 0x06, 0x07, 0x0C, 0x0D, 0x0E, 0x0F,
        0x0C, 0x0D, 0x0E, 0x0F, 0x08, 0x09, 0x0A, 0x0B, 0x00, 0x01, 0x02, 0x03, 0x04, 0x05, 0x06, 0x07,
        0x06, 0x07, 0x04, 0x05, 0x08, 0x09, 0x0A, 0x0B, 0x0C, 0x0D, 0x0E, 0x0F, 0xFF, 0xFF, 0xFF, 0xFF,
        0x06, 0x07, 0x04, 0x05, 0x08, 0x09, 0x0A, 0x0B, 0x0C, 0x0D, 0x0E, 0x0F, 0xFF, 0xFF, 0xFF, 0xFF,
        0xFF, 0xFF, 0xFF, 0xFF, 0x0C, 0x0D, 0x0E, 0x0F, 0xFF, 0xFF, 0xFF, 0xFF, 0xFF, 0xFF, 0xFF, 0xFF,
        0x00, 0x01, 0x02, 0x03, 0x04, 0x05, 0x06, 0x07, 0x08, 0x09, 0x0A, 0x0B, 0x0C, 0x0D, 0x0E, 0x0F,
        0x0E, 0x0F, 0x0C, 0x0D, 0xFF, 0xFF, 0xFF, 0xFF, 0xFF, 0xFF, 0xFF, 0xFF, 0xFF, 0xFF, 0xFF, 0xFF,
        0x07, 0x04, 0x05, 0x06, 0x08, 0x09, 0x0A, 0x0B, 0x0C, 0x0D, 0x0E, 0x0F, 0xFF, 0xFF, 0xFF, 0xFF,
        0x09, 0x0A, 0x0B, 0x08, 0x0C, 0x0D, 0x0E, 0x0F, 0xFF, 0xFF, 0xFF, 0xFF, 0xFF, 0xFF, 0xFF, 0xFF,
        0x07, 0x04, 0x05, 0x06, 0x08, 0x09, 0x0A, 0x0B, 0x0C, 0x0D, 0x0E, 0x0F, 0x00, 0x01, 0x02, 0x03,
        0x04, 0x05, 0x06, 0x07, 0x08, 0x09, 0x0A, 0x0B, 0x0C, 0x0D, 0x0E, 0x0F, 0x00, 0x01, 0x02, 0x03,
        0x0A, 0x0B, 0x08, 0x09, 0x0C, 0x0D, 0x0E, 0x0F, 0xFF, 0xFF, 0xFF, 0xFF, 0xFF, 0xFF, 0xFF, 0xFF,
        0x08, 0x09, 0x0A, 0x0B, 0xFF, 0xFF, 0xFF, 0xFF, 0xFF, 0xFF, 0xFF, 0xFF, 0xFF, 0xFF, 0xFF, 0xFF,
        0xFF, 0xFF, 0xFF, 0xFF, 0x0C, 0x0D, 0x0E, 0x0F, 0xFF, 0xFF, 0xFF, 0xFF, 0xFF, 0xFF, 0xFF, 0xFF,
        0x00, 0x01, 0x02, 0x03, 0x04, 0x05, 0x06, 0x07, 0x08, 0x09, 0x0A, 0x0B, 0x0C, 0x0D, 0x0E, 0x0F,
        0x07, 0x04, 0x05, 0x06, 0x08, 0x09, 0x0A, 0x0B, 0x0C, 0x0D, 0x0E, 0x0F, 0x00, 0x01, 0x02, 0x03,
        0x08, 0x09, 0x0A, 0x0B, 0x0C, 0x0D, 0x0E, 0x0F, 0x04, 0x05, 0x06, 0x07, 0x00, 0x01, 0x02, 0x03,
        0x0C, 0x0D, 0x0E, 0x0F, 0x08, 0x09, 0x0A, 0x0B, 0x00, 0x01, 0x02, 0x03, 0x04, 0x05, 0x06, 0x07,
        0x04, 0x05, 0x06, 0x07, 0x00, 0x01, 0x02, 0x03, 0x08, 0x09, 0x0A, 0x0B, 0x0C, 0x0D, 0x0E, 0x0F,
        0x04, 0x05, 0x06, 0x07, 0x00, 0x01, 0x02, 0x03, 0x08, 0x09, 0x0A, 0x0B, 0x0C, 0x0D, 0x0E, 0x0F,
        0x0C, 0x0D, 0x0E, 0x0F, 0xFF, 0xFF, 0xFF, 0xFF, 0xFF, 0xFF, 0xFF, 0xFF, 0xFF, 0xFF, 0xFF, 0xFF,
        0x0C, 0x0D, 0x0E, 0x0F, 0x00, 0x01, 0x02, 0x03, 0x04, 0x05, 0x06, 0x07, 0x08, 0x09, 0x0A, 0x0B,
        0x00, 0x01, 0x02, 0x03, 0x04, 0x05, 0x06, 0x07, 0x08, 0x09, 0x0A, 0x0B, 0x0C, 0x0D, 0x0E, 0x0F,
        0x0E, 0x0F, 0x0C, 0x0D, 0xFF, 0xFF, 0xFF, 0xFF, 0xFF, 0xFF, 0xFF, 0xFF, 0xFF, 0xFF, 0xFF, 0xFF,
        0x00, 0x01, 0x02, 0x03, 0x0C, 0x0D, 0x0E, 0x0F, 0x08, 0x09, 0x0A, 0x0B, 0x04, 0x05, 0x06, 0x07,
        0x0A, 0x0B, 0x08, 0x09, 0x0C, 0x0D, 0x0E, 0x0F, 0xFF, 0xFF, 0xFF, 0xFF, 0xFF, 0xFF, 0xFF, 0xFF,
        0x0B, 0x08, 0x09, 0x0A, 0x0C, 0x0D, 0x0E, 0x0F, 0x00, 0x01, 0x02, 0x03, 0x04, 0x05, 0x06, 0x07,
        0x08, 0x09, 0x0A, 0x0B, 0x04, 0x05, 0x06, 0x07, 0xFF, 0xFF, 0xFF, 0xFF, 0x0C, 0x0D, 0x0E, 0x0F,
        0x00, 0x01, 0x02, 0x03, 0x04, 0x05, 0x06, 0x07, 0x08, 0x09, 0x0A, 0x0B, 0x0C, 0x0D, 0x0E, 0x0F,
        0x04, 0x05, 0x06, 0x07, 0x00, 0x01, 0x02, 0x03, 0x0C, 0x0D, 0x0E, 0x0F, 0x08, 0x09, 0x0A, 0x0B,
        0x08, 0x09, 0x0A, 0x0B, 0x00, 0x01, 0x02, 0x03, 0x04, 0x05, 0x06, 0x07, 0x0C, 0x0D, 0x0E, 0x0F,
        0x00, 0x01, 0x02, 0x03, 0x04, 0x05, 0x06, 0x07, 0x08, 0x09, 0x0A, 0x0B, 0x0C, 0x0D, 0x0E, 0x0F,
        0x0B, 0x08, 0x09, 0x0A, 0x0C, 0x0D, 0x0E, 0x0F, 0xFF, 0xFF, 0xFF, 0xFF, 0xFF, 0xFF, 0xFF, 0xFF,
        0x05, 0x06, 0x07, 0x04, 0x08, 0x09, 0x0A, 0x0B, 0x0C, 0x0D, 0x0E, 0x0F, 0x00, 0x01, 0x02, 0x03,
        0xFF, 0xFF, 0xFF, 0xFF, 0x0C, 0x0D, 0x0E, 0x0F, 0xFF, 0xFF, 0xFF, 0xFF, 0xFF, 0xFF, 0xFF, 0xFF,
        0x09, 0x0A, 0x0B, 0x08, 0x0C, 0x0D, 0x0E, 0x0F, 0x00, 0x01, 0x02, 0x03, 0x04, 0x05, 0x06, 0x07,
        0x0C, 0x0D, 0x0E, 0x0F, 0xFF, 0xFF, 0xFF, 0xFF, 0xFF, 0xFF, 0xFF, 0xFF, 0xFF, 0xFF, 0xFF, 0xFF,
        0x00, 0x01, 0x02, 0x03, 0x04, 0x05, 0x06, 0x07, 0x08, 0x09, 0x0A, 0x0B, 0x0C, 0x0D, 0x0E, 0x0F,
        0x05, 0x06, 0x07, 0x04, 0x08, 0x09, 0x0A, 0x0B, 0x0C, 0x0D, 0x0E, 0x0F, 0xFF, 0xFF, 0xFF, 0xFF,
        0x00, 0x01, 0x02, 0x03, 0x04, 0x05, 0x06, 0x07, 0x08, 0x09, 0x0A, 0x0B, 0x0C, 0x0D, 0x0E, 0x0F,
        0x0F, 0x0C, 0x0D, 0x0E, 0xFF, 0xFF, 0xFF, 0xFF, 0xFF, 0xFF, 0xFF, 0xFF, 0xFF, 0xFF, 0xFF, 0xFF,
        0x00, 0x01, 0x02, 0x03, 0xFF, 0xFF, 0xFF, 0xFF, 0xFF, 0xFF, 0xFF, 0xFF, 0xFF, 0xFF, 0xFF, 0xFF,
        0x06, 0x07, 0x04, 0x05, 0x08, 0x09, 0x0A, 0x0B, 0x0C, 0x0D, 0x0E, 0x0F, 0xFF, 0xFF, 0xFF, 0xFF,
        0x00, 0x01, 0x02, 0x03, 0x04, 0x05, 0x06, 0x07, 0x08, 0x09, 0x0A, 0x0B, 0x0C, 0x0D, 0x0E, 0x0F,
        0x0F, 0x0C, 0x0D, 0x0E, 0x00, 0x01, 0x02, 0x03, 0x04, 0x05, 0x06, 0x07, 0x08, 0x09, 0x0A, 0x0B,
        0x0F, 0x0C, 0x0D, 0x0E, 0x00, 0x01, 0x02, 0x03, 0x04, 0x05, 0x06, 0x07, 0x08, 0x09, 0x0A, 0x0B,
        0x04, 0x05, 0x06, 0x07, 0x08, 0x09, 0x0A, 0x0B, 0x0C, 0x0D, 0x0E, 0x0F, 0x00, 0x01, 0x02, 0x03,
        0x0C, 0x0D, 0x0E, 0x0F, 0x00, 0x01, 0x02, 0x03, 0x04, 0x05, 0x06, 0x07, 0x08, 0x09, 0x0A, 0x0B,
        0x08, 0x09, 0x0A, 0x0B, 0x04, 0x05, 0x06, 0x07, 0xFF, 0xFF, 0xFF, 0xFF, 0x0C, 0x0D, 0x0E, 0x0F,
        0x04, 0x05, 0x06, 0x07, 0x0C, 0x0D, 0x0E, 0x0F, 0x00, 0x01, 0x02, 0x03, 0x08, 0x09, 0x0A, 0x0B,
        0x02, 0x03, 0x00, 0x01, 0x04, 0x05, 0x06, 0x07, 0x08, 0x09, 0x0A, 0x0B, 0x0C, 0x0D, 0x0E, 0x0F,
        0x08, 0x09, 0x0A, 0x0B, 0x04, 0x05, 0x06, 0x07, 0xFF, 0xFF, 0xFF, 0xFF, 0x0C, 0x0D, 0x0E, 0x0F,
        0x0A, 0x0B, 0x08, 0x09, 0x0C, 0x0D, 0x0E, 0x0F, 0xFF, 0xFF, 0xFF, 0xFF, 0xFF, 0xFF, 0xFF, 0xFF,
        0x0C, 0x0D, 0x0E, 0x0F, 0x08, 0x09, 0x0A, 0x0B, 0xFF, 0xFF, 0xFF, 0xFF, 0xFF, 0xFF, 0xFF, 0xFF,
        0x04, 0x05, 0x06, 0x07, 0x08, 0x09, 0x0A, 0x0B, 0xFF, 0xFF, 0xFF, 0xFF, 0x0C, 0x0D, 0x0E, 0x0F,
        0x04, 0x05, 0x06, 0x07, 0x08, 0x09, 0x0A, 0x0B, 0x00, 0x01, 0x02, 0x03, 0x0C, 0x0D, 0x0E, 0x0F,
        0x09, 0x0A, 0x0B, 0x08, 0x0C, 0x0D, 0x0E, 0x0F, 0x00, 0x01, 0x02, 0x03, 0x04, 0x05, 0x06, 0x07,
        0x0C, 0x0D, 0x0E, 0x0F, 0x08, 0x09, 0x0A, 0x0B, 0x04, 0x05, 0x06, 0x07, 0x00, 0x01, 0x02, 0x03,
        0x07, 0x04, 0x05, 0x06, 0x08, 0x09, 0x0A, 0x0B, 0x0C, 0x0D, 0x0E, 0x0F, 0xFF, 0xFF, 0xFF, 0xFF,
        0x08, 0x09, 0x0A, 0x0B, 0x0C, 0x0D, 0x0E, 0x0F, 0xFF, 0xFF, 0xFF, 0xFF, 0xFF, 0xFF, 0xFF, 0xFF,
        0x00, 0x01, 0x02, 0x03, 0x0C, 0x0D, 0x0E, 0x0F, 0x04, 0x05, 0x06, 0x07, 0x08, 0x09, 0x0A, 0x0B,
        0x0C, 0x0D, 0x0E, 0x0F, 0x08, 0x09, 0x0A, 0x0B, 0xFF, 0xFF, 0xFF, 0xFF, 0xFF, 0xFF, 0xFF, 0xFF,
        0x07, 0x04, 0x05, 0x06, 0x08, 0x09, 0x0A, 0x0B, 0x0C, 0x0D, 0x0E, 0x0F, 0xFF, 0xFF, 0xFF, 0xFF,
        0x07, 0x04, 0x05, 0x06, 0x08, 0x09, 0x0A, 0x0B, 0x0C, 0x0D, 0x0E, 0x0F, 0x00, 0x01, 0x02, 0x03,
        0x0F, 0x0C, 0x0D, 0x0E, 0x00, 0x01, 0x02, 0x03, 0x04, 0x05, 0x06, 0x07, 0x08, 0x09, 0x0A, 0x0B,
        0xFF, 0xFF, 0xFF, 0xFF, 0x08, 0x09, 0x0A, 0x0B, 0x0C, 0x0D, 0x0E, 0x0F, 0x04, 0x05, 0x06, 0x07,
        0x0A, 0x0B, 0x08, 0x09, 0x0C, 0x0D, 0x0E, 0x0F, 0xFF, 0xFF, 0xFF, 0xFF, 0xFF, 0xFF, 0xFF, 0xFF,
        0x0E, 0x0F, 0x0C, 0x0D, 0xFF, 0xFF, 0xFF, 0xFF, 0xFF, 0xFF, 0xFF, 0xFF, 0xFF, 0xFF, 0xFF, 0xFF,
        0x06, 0x07, 0x04, 0x05, 0x08, 0x09, 0x0A, 0x0B, 0x0C, 0x0D, 0x0E, 0x0F, 0x00, 0x01, 0x02, 0x03,
        0x00, 0x01, 0x02, 0x03, 0x04, 0x05, 0x06, 0x07, 0x0C, 0x0D, 0x0E, 0x0F, 0x08, 0x09, 0x0A, 0x0B,
        0x00, 0x01, 0x02, 0x03, 0x0C, 0x0D, 0x0E, 0x0F, 0x08, 0x09, 0x0A, 0x0B, 0x04, 0x05, 0x06, 0x07,
        0x08, 0x09, 0x0A, 0x0B, 0x0C, 0x0D, 0x0E, 0x0F, 0xFF, 0xFF, 0xFF, 0xFF, 0xFF, 0xFF, 0xFF, 0xFF,
        0x0C, 0x0D, 0x0E, 0x0F, 0xFF, 0xFF, 0xFF, 0xFF, 0xFF, 0xFF, 0xFF, 0xFF, 0xFF, 0xFF, 0xFF, 0xFF,
        0x00, 0x01, 0x02, 0x03, 0x0C, 0x0D, 0x0E, 0x0F, 0x04, 0x05, 0x06, 0x07, 0x08, 0x09, 0x0A, 0x0B,
        0x00, 0x01, 0x02, 0x03, 0x04, 0x05, 0x06, 0x07, 0x08, 0x09, 0x0A, 0x0B, 0x0C, 0x0D, 0x0E, 0x0F,
        0x0C, 0x0D, 0x0E, 0x0F, 0x08, 0x09, 0x0A, 0x0B, 0x00, 0x01, 0x02, 0x03, 0x04, 0x05, 0x06, 0x07,
        0x0C, 0x0D, 0x0E, 0x0F, 0xFF, 0xFF, 0xFF, 0xFF, 0xFF, 0xFF, 0xFF, 0xFF, 0xFF, 0xFF, 0xFF, 0xFF,
        0x0B, 0x08, 0x09, 0x0A, 0x0C, 0x0D, 0x0E, 0x0F, 0x00, 0x01, 0x02, 0x03, 0x04, 0x05, 0x06, 0x07,
        0x00, 0x01, 0x02, 0x03, 0x08, 0x09, 0x0A, 0x0B, 0x0C, 0x0D, 0x0E, 0x0F, 0x04, 0x05, 0x06, 0x07,
        0x00, 0x01, 0x02, 0x03, 0x04, 0x05, 0x06, 0x07, 0x08, 0x09, 0x0A, 0x0B, 0x0C, 0x0D, 0x0E, 0x0F,
        0x00, 0x01, 0x02, 0x03, 0x04, 0x05, 0x06, 0x07, 0x08, 0x09, 0x0A, 0x0B, 0x0C, 0x0D, 0x0E, 0x0F,
        0x00, 0x01, 0x02, 0x03, 0xFF, 0xFF, 0xFF, 0xFF, 0xFF, 0xFF, 0xFF, 0xFF, 0xFF, 0xFF, 0xFF, 0xFF,
        0x04, 0x05, 0x06, 0x07, 0x0C, 0x0D, 0x0E, 0x0F, 0x00, 0x01, 0x02, 0x03, 0x08, 0x09, 0x0A, 0x0B,
        0x04, 0x05, 0x06, 0x07, 0x08, 0x09, 0x0A, 0x0B, 0x0C, 0x0D, 0x0E, 0x0F, 0xFF, 0xFF, 0xFF, 0xFF,
        0x00, 0x01, 0x02, 0x03, 0x08, 0x09, 0x0A, 0x0B, 0x0C, 0x0D, 0x0E, 0x0F, 0x04, 0x05, 0x06, 0x07,
        0x02, 0x03, 0x00, 0x01, 0x04, 0x05, 0x06, 0x07, 0x08, 0x09, 0x0A, 0x0B, 0x0C, 0x0D, 0x0E, 0x0F,
        0x08, 0x09, 0x0A, 0x0B, 0x04, 0x05, 0x06, 0x07, 0x00, 0x01, 0x02, 0x03, 0x0C, 0x0D, 0x0E, 0x0F,
        0x0C, 0x0D, 0x0E, 0x0F, 0x00, 0x01, 0x02, 0x03, 0x08, 0x09, 0x0A, 0x0B, 0x04, 0x05, 0x06, 0x07,
        0x00, 0x01, 0x02, 0x03, 0x04, 0x05, 0x06, 0x07, 0x08, 0x09, 0x0A, 0x0B, 0x0C, 0x0D, 0x0E, 0x0F,
        0x04, 0x05, 0x06, 0x07, 0x0C, 0x0D, 0x0E, 0x0F, 0x00, 0x01, 0x02, 0x03, 0x08, 0x09, 0x0A, 0x0B,
        0x0A, 0x0B, 0x08, 0x09, 0x0C, 0x0D, 0x0E, 0x0F, 0x00, 0x01, 0x02, 0x03, 0x04, 0x05, 0x06, 0x07,
        0x00, 0x01, 0x02, 0x03, 0x04, 0x05, 0x06, 0x07, 0x08, 0x09, 0x0A, 0x0B, 0x0C, 0x0D, 0x0E, 0x0F,
        0x0C, 0x0D, 0x0E, 0x0F, 0x08, 0x09, 0x0A, 0x0B, 0xFF, 0xFF, 0xFF, 0xFF, 0xFF, 0xFF, 0xFF, 0xFF,
        0x05, 0x06, 0x07, 0x04, 0x08, 0x09, 0x0A, 0x0B, 0x0C, 0x0D, 0x0E, 0x0F, 0x00, 0x01, 0x02, 0x03,
        0x04, 0x05, 0x06, 0x07, 0x00, 0x01, 0x02, 0x03, 0x0C, 0x0D, 0x0E, 0x0F, 0x08, 0x09, 0x0A, 0x0B,
        0x0C, 0x0D, 0x0E, 0x0F, 0x00, 0x01, 0x02, 0x03, 0x04, 0x05, 0x06, 0x07, 0x08, 0x09, 0x0A, 0x0B,
        0x00, 0x01, 0x02, 0x03, 0x04, 0x05, 0x06, 0x07, 0x08, 0x09, 0x0A, 0x0B, 0x0C, 0x0D, 0x0E, 0x0F,
        0x08, 0x09, 0x0A, 0x0B, 0x0C, 0x0D, 0x0E, 0x0F, 0x04, 0x05, 0x06, 0x07, 0x00, 0x01, 0x02, 0x03,
        0x00, 0x01, 0x02, 0x03, 0x04, 0x05, 0x06, 0x07, 0x08, 0x09, 0x0A, 0x0B, 0x0C, 0x0D, 0x0E, 0x0F,
        0x00, 0x01, 0x02, 0x03, 0x04, 0x05, 0x06, 0x07, 0x08, 0x09, 0x0A, 0x0B, 0x0C, 0x0D, 0x0E, 0x0F,
        0x02, 0x03, 0x00, 0x01, 0x04, 0x05, 0x06, 0x07, 0x08, 0x09, 0x0A, 0x0B, 0x0C, 0x0D, 0x0E, 0x0F,
        0x00, 0x01, 0x02, 0x03, 0x04, 0x05, 0x06, 0x07, 0x08, 0x09, 0x0A, 0x0B, 0x0C, 0x0D, 0x0E, 0x0F,
        0x06, 0x07, 0x04, 0x05, 0x08, 0x09, 0x0A, 0x0B, 0x0C, 0x0D, 0x0E, 0x0F, 0xFF, 0xFF, 0xFF, 0xFF,
        0xFF, 0xFF, 0xFF, 0xFF, 0xFF, 0xFF, 0xFF, 0xFF, 0xFF, 0xFF, 0xFF, 0xFF, 0x0C, 0x0D, 0x0E, 0x0F,
        0x08, 0x09, 0x0A, 0x0B, 0x04, 0x05, 0x06, 0x07, 0x00, 0x01, 0x02, 0x03, 0x0C, 0x0D, 0x0E, 0x0F,
        0x0B, 0x08, 0x09, 0x0A, 0x0C, 0x0D, 0x0E, 0x0F, 0xFF, 0xFF, 0xFF, 0xFF, 0xFF, 0xFF, 0xFF, 0xFF,
        0x00, 0x01, 0x02, 0x03, 0x0C, 0x0D, 0x0E, 0x0F, 0x04, 0x05, 0x06, 0x07, 0x08, 0x09, 0x0A, 0x0B,
        0x0C, 0x0D, 0x0E, 0x0F, 0x08, 0x09, 0x0A, 0x0B, 0x00, 0x01, 0x02, 0x03, 0x04, 0x05, 0x06, 0x07,
        0x00, 0x01, 0x02, 0x03, 0x04, 0x05, 0x06, 0x07, 0x08, 0x09, 0x0A, 0x0B, 0x0C, 0x0D, 0x0E, 0x0F,
        0x0C, 0x0D, 0x0E, 0x0F, 0xFF, 0xFF, 0xFF, 0xFF, 0xFF, 0xFF, 0xFF, 0xFF, 0xFF, 0xFF, 0xFF, 0xFF,
        0x08, 0x09, 0x0A, 0x0B, 0xFF, 0xFF, 0xFF, 0xFF, 0xFF, 0xFF, 0xFF, 0xFF, 0xFF, 0xFF, 0xFF, 0xFF,
        0x0A, 0x0B, 0x08, 0x09, 0x0C, 0x0D, 0x0E, 0x0F, 0x00, 0x01, 0x02, 0x03, 0x04, 0x05, 0x06, 0x07,
        0x02, 0x03, 0x00, 0x01, 0x04, 0x05, 0x06, 0x07, 0x08, 0x09, 0x0A, 0x0B, 0x0C, 0x0D, 0x0E, 0x0F,
        0x00, 0x01, 0x02, 0x03, 0x04, 0x05, 0x06, 0x07, 0x08, 0x09, 0x0A, 0x0B, 0x0C, 0x0D, 0x0E, 0x0F,
        0x08, 0x09, 0x0A, 0x0B, 0x0C, 0x0D, 0x0E, 0x0F, 0xFF, 0xFF, 0xFF, 0xFF, 0xFF, 0xFF, 0xFF, 0xFF,
        0x04, 0x05, 0x06, 0x07, 0x00, 0x01, 0x02, 0x03, 0x0C, 0x0D, 0x0E, 0x0F, 0x08, 0x09, 0x0A, 0x0B,
        0x07, 0x04, 0x05, 0x06, 0x08, 0x09, 0x0A, 0x0B, 0x0C, 0x0D, 0x0E, 0x0F, 0xFF, 0xFF, 0xFF, 0xFF,
        0x0C, 0x0D, 0x0E, 0x0F, 0xFF, 0xFF, 0xFF, 0xFF, 0xFF, 0xFF, 0xFF, 0xFF, 0xFF, 0xFF, 0xFF, 0xFF,
        0x09, 0x0A, 0x0B, 0x08, 0x0C, 0x0D, 0x0E, 0x0F, 0x00, 0x01, 0x02, 0x03, 0x04, 0x05, 0x06, 0x07,
        0x0B, 0x08, 0x09, 0x0A, 0x0C, 0x0D, 0x0E, 0x0F, 0xFF, 0xFF, 0xFF, 0xFF, 0xFF, 0xFF, 0xFF, 0xFF,
        0x0C, 0x0D, 0x0E, 0x0F, 0x08, 0x09, 0x0A, 0x0B, 0xFF, 0xFF, 0xFF, 0xFF, 0xFF, 0xFF, 0xFF, 0xFF,
        0x09, 0x0A, 0x0B, 0x08, 0x0C, 0x0D, 0x0E, 0x0F, 0xFF, 0xFF, 0xFF, 0xFF, 0xFF, 0xFF, 0xFF, 0xFF,
        0x08, 0x09, 0x0A, 0x0B, 0x04, 0x05, 0x06, 0x07, 0x0C, 0x0D, 0x0E, 0x0F, 0x00, 0x01, 0x02, 0x03,
        0x0A, 0x0B, 0x08, 0x09, 0x0C, 0x0D, 0x0E, 0x0F, 0x00, 0x01, 0x02, 0x03, 0x04, 0x05, 0x06, 0x07,
        0x00, 0x01, 0x02, 0x03, 0x0C, 0x0D, 0x0E, 0x0F, 0x08, 0x09, 0x0A, 0x0B, 0x04, 0x05, 0x06, 0x07,
        0x03, 0x00, 0x01, 0x02, 0x04, 0x05, 0x06, 0x07, 0x08, 0x09, 0x0A, 0x0B, 0x0C, 0x0D, 0x0E, 0x0F,
        0x04, 0x05, 0x06, 0x07, 0x00, 0x01, 0x02, 0x03, 0x0C, 0x0D, 0x0E, 0x0F, 0x08, 0x09, 0x0A, 0x0B,
        0xFF, 0xFF, 0xFF, 0xFF, 0x08, 0x09, 0x0A, 0x0B, 0x0C, 0x0D, 0x0E, 0x0F, 0x04, 0x05, 0x06, 0x07,
        0x06, 0x07, 0x04, 0x05, 0x08, 0x09, 0x0A, 0x0B, 0x0C, 0x0D, 0x0E, 0x0F, 0x00, 0x01, 0x02, 0x03,
        0x09, 0x0A, 0x0B, 0x08, 0x0C, 0x0D, 0x0E, 0x0F, 0x00, 0x01, 0x02, 0x03, 0x04, 0x05, 0x06, 0x07,
        0x00, 0x01, 0x02, 0x03, 0x04, 0x05, 0x06, 0x07, 0x08, 0x09, 0x0A, 0x0B, 0x0C, 0x0D, 0x0E, 0x0F,
        0x08, 0x09, 0x0A, 0x0B, 0x0C, 0x0D, 0x0E, 0x0F, 0xFF, 0xFF, 0xFF, 0xFF, 0xFF, 0xFF, 0xFF, 0xFF,
        0x09, 0x0A, 0x0B, 0x08, 0x0C, 0x0D, 0x0E, 0x0F, 0xFF, 0xFF, 0xFF, 0xFF, 0xFF, 0xFF, 0xFF, 0xFF,
        0x0C, 0x0D, 0x0E, 0x0F, 0x00, 0x01, 0x02, 0x03, 0x08, 0x09, 0x0A, 0x0B, 0x04, 0x05, 0x06, 0x07,
        0x0F, 0x0C, 0x0D, 0x0E, 0xFF, 0xFF, 0xFF, 0xFF, 0xFF, 0xFF, 0xFF, 0xFF, 0xFF, 0xFF, 0xFF, 0xFF,
        0x0D, 0x0E, 0x0F, 0x0C, 0xFF, 0xFF, 0xFF, 0xFF, 0xFF, 0xFF, 0xFF, 0xFF, 0xFF, 0xFF, 0xFF, 0xFF,
        0x04, 0x05, 0x06, 0x07, 0x00, 0x01, 0x02, 0x03, 0x08, 0x09, 0x0A, 0x0B, 0x0C, 0x0D, 0x0E, 0x0F,
        0x0D, 0x0E, 0x0F, 0x0C, 0xFF, 0xFF, 0xFF, 0xFF, 0xFF, 0xFF, 0xFF, 0xFF, 0xFF, 0xFF, 0xFF, 0xFF,
        0x00, 0x01, 0x02, 0x03, 0x04, 0x05, 0x06, 0x07, 0x08, 0x09, 0x0A, 0x0B, 0x0C, 0x0D, 0x0E, 0x0F,
        0x08, 0x09, 0x0A, 0x0B, 0x0C, 0x0D, 0x0E, 0x0F, 0xFF, 0xFF, 0xFF, 0xFF, 0xFF, 0xFF, 0xFF, 0xFF,
        0x02, 0x03, 0x00, 0x01, 0x04, 0x05, 0x06, 0x07, 0x08, 0x09, 0x0A, 0x0B, 0x0C, 0x0D, 0x0E, 0x0F,
        0x00, 0x01, 0x02, 0x03, 0x04, 0x05, 0x06, 0x07, 0x08, 0x09, 0x0A, 0x0B, 0x0C, 0x0D, 0x0E, 0x0F,
        0x04, 0x05, 0x06, 0x07, 0x08, 0x09, 0x0A, 0x0B, 0xFF, 0xFF, 0xFF, 0xFF, 0x0C, 0x0D, 0x0E, 0x0F,
        0x06, 0x07, 0x04, 0x05, 0x08, 0x09, 0x0A, 0x0B, 0x0C, 0x0D, 0x0E, 0x0F, 0x00, 0x01, 0x02, 0x03,
        0x00, 0x01, 0x02, 0x03, 0xFF, 0xFF, 0xFF, 0xFF, 0xFF, 0xFF, 0xFF, 0xFF, 0xFF, 0xFF, 0xFF, 0xFF,
        0x07, 0x04, 0x05, 0x06, 0x08, 0x09, 0x0A, 0x0B, 0x0C, 0x0D, 0x0E, 0x0F, 0x00, 0x01, 0x02, 0x03,
        0x08, 0x09, 0x0A, 0x0B, 0x00, 0x01, 0x02, 0x03, 0x04, 0x05, 0x06, 0x07, 0x0C, 0x0D, 0x0E, 0x0F,
        0x0A, 0x0B, 0x08, 0x09, 0x0C, 0x0D, 0x0E, 0x0F, 0xFF, 0xFF, 0xFF, 0xFF, 0xFF, 0xFF, 0xFF, 0xFF,
        0x00, 0x01, 0x02, 0x03, 0x04, 0x05, 0x06, 0x07, 0x08, 0x09, 0x0A, 0x0B, 0x0C, 0x0D, 0x0E, 0x0F,
        0x0C, 0x0D, 0x0E, 0x0F, 0xFF, 0xFF, 0xFF, 0xFF, 0xFF, 0xFF, 0xFF, 0xFF, 0xFF, 0xFF, 0xFF, 0xFF,
        0x00, 0x01, 0x02, 0x03, 0x0C, 0x0D, 0x0E, 0x0F, 0x04, 0x05, 0x06, 0x07, 0x08, 0x09, 0x0A, 0x0B,
        0x06, 0x07, 0x04, 0x05, 0x08, 0x09, 0x0A, 0x0B, 0x0C, 0x0D, 0x0E, 0x0F, 0x00, 0x01, 0x02, 0x03,
        0xFF, 0xFF, 0xFF, 0xFF, 0x0C, 0x0D, 0x0E, 0x0F, 0xFF, 0xFF, 0xFF, 0xFF, 0xFF, 0xFF, 0xFF, 0xFF,
        0x04, 0x05, 0x06, 0x07, 0x00, 0x01, 0x02, 0x03, 0x08, 0x09, 0x0A, 0x0B, 0x0C, 0x0D, 0x0E, 0x0F,
        0x08, 0x09, 0x0A, 0x0B, 0x0C, 0x0D, 0x0E, 0x0F, 0x04, 0x05, 0x06, 0x07, 0x00, 0x01, 0x02, 0x03,
        0x08, 0x09, 0x0A, 0x0B, 0x0C, 0x0D, 0x0E, 0x0F, 0x04, 0x05, 0x06, 0x07, 0x00, 0x01, 0x02, 0x03,
        0x06, 0x07, 0x04, 0x05, 0x08, 0x09, 0x0A, 0x0B, 0x0C, 0x0D, 0x0E, 0x0F, 0xFF, 0xFF, 0xFF, 0xFF,
        0x0E, 0x0F, 0x0C, 0x0D, 0x00, 0x01, 0x02, 0x03, 0x04, 0x05, 0x06, 0x07, 0x08, 0x09, 0x0A, 0x0B,
        0x0E, 0x0F, 0x0C, 0x0D, 0xFF, 0xFF, 0xFF, 0xFF, 0xFF, 0xFF, 0xFF, 0xFF, 0xFF, 0xFF, 0xFF, 0xFF,
        0x00, 0x01, 0x02, 0x03, 0x04, 0x05, 0x06, 0x07, 0x08, 0x09, 0x0A, 0x0B, 0x0C, 0x0D, 0x0E, 0x0F,
        0xFF, 0xFF, 0xFF, 0xFF, 0x08, 0x09, 0x0A, 0x0B, 0x0C, 0x0D, 0x0E, 0x0F, 0x04, 0x05, 0x06, 0x07,
        0x08, 0x09, 0x0A, 0x0B, 0x0C, 0x0D, 0x0E, 0x0F, 0xFF, 0xFF, 0xFF, 0xFF, 0xFF, 0xFF, 0xFF, 0xFF,
        0x04, 0x05, 0x06, 0x07, 0x08, 0x09, 0x0A, 0x0B, 0x00, 0x01, 0x02, 0x03, 0x0C, 0x0D, 0x0E, 0x0F,
        0x05, 0x06, 0x07, 0x04, 0x08, 0x09, 0x0A, 0x0B, 0x0C, 0x0D, 0x0E, 0x0F, 0x00, 0x01, 0x02, 0x03,
        0x08, 0x09, 0x0A, 0x0B, 0x0C, 0x0D, 0x0E, 0x0F, 0x00, 0x01, 0x02, 0x03, 0x04, 0x05, 0x06, 0x07,
        0x0C, 0x0D, 0x0E, 0x0F, 0x00, 0x01, 0x02, 0x03, 0x04, 0x05, 0x06, 0x07, 0x08, 0x09, 0x0A, 0x0B,
        0x04, 0x05, 0x06, 0x07, 0x08, 0x09, 0x0A, 0x0B, 0x0C, 0x0D, 0x0E, 0x0F, 0x00, 0x01, 0x02, 0x03,
        0x00, 0x01, 0x02, 0x03, 0x04, 0x05, 0x06, 0x07, 0x08, 0x09, 0x0A, 0x0B, 0x0C, 0x0D, 0x0E, 0x0F,
        0x08, 0x09, 0x0A, 0x0B, 0x04, 0x05, 0x06, 0x07, 0x0C, 0x0D, 0x0E, 0x0F, 0xFF, 0xFF, 0xFF, 0xFF,
        0x00, 0x01, 0x02, 0x03, 0x04, 0x05, 0x06, 0x07, 0x08, 0x09, 0x0A, 0x0B, 0x0C, 0x0D, 0x0E, 0x0F,
        0x00, 0x01, 0x02, 0x03, 0x04, 0x05, 0x06, 0x07, 0x08, 0x09, 0x0A, 0x0B, 0x0C, 0x0D, 0x0E, 0x0F,
        0x0B, 0x08, 0x09, 0x0A, 0x0C, 0x0D, 0x0E, 0x0F, 0x00, 0x01, 0x02, 0x03, 0x04, 0x05, 0x06, 0x07,
        0x05, 0x06, 0x07, 0x04, 0x08, 0x09, 0x0A, 0x0B, 0x0C, 0x0D, 0x0E, 0x0F, 0x00, 0x01, 0x02, 0x03,
        0x08, 0x09, 0x0A, 0x0B, 0x0C, 0x0D, 0x0E, 0x0F, 0x00, 0x01, 0x02, 0x03, 0x04, 0x05, 0x06, 0x07,
        0xFF, 0xFF, 0xFF, 0xFF, 0x0C, 0x0D, 0x0E, 0x0F, 0xFF, 0xFF, 0xFF, 0xFF, 0xFF, 0xFF, 0xFF, 0xFF,
        0x0D, 0x0E, 0x0F, 0x0C, 0xFF, 0xFF, 0xFF, 0xFF, 0xFF, 0xFF, 0xFF, 0xFF, 0xFF, 0xFF, 0xFF, 0xFF,
        0x05, 0x06, 0x07, 0x04, 0x08, 0x09, 0x0A, 0x0B, 0x0C, 0x0D, 0x0E, 0x0F, 0xFF, 0xFF, 0xFF, 0xFF,
        0x04, 0x05, 0x06, 0x07, 0x00, 0x01, 0x02, 0x03, 0x0C, 0x0D, 0x0E, 0x0F, 0x08, 0x09, 0x0A, 0x0B,
        0x04, 0x05, 0x06, 0x07, 0x08, 0x09, 0x0A, 0x0B, 0x0C, 0x0D, 0x0E, 0x0F, 0xFF, 0xFF, 0xFF, 0xFF,
        0x00, 0x01, 0x02, 0x03, 0x04, 0x05, 0x06, 0x07, 0x08, 0x09, 0x0A, 0x0B, 0x0C, 0x0D, 0x0E, 0x0F,
        0xFF, 0xFF, 0xFF, 0xFF, 0x0C, 0x0D, 0x0E, 0x0F, 0xFF, 0xFF, 0xFF, 0xFF, 0xFF, 0xFF, 0xFF, 0xFF,
        0x00, 0x01, 0x02, 0x03, 0x0C, 0x0D, 0x0E, 0x0F, 0x04, 0x05, 0x06, 0x07, 0x08, 0x09, 0x0A, 0x0B,
        0x08, 0x09, 0x0A, 0x0B, 0x0C, 0x0D, 0x0E, 0x0F, 0xFF, 0xFF, 0xFF, 0xFF, 0xFF, 0xFF, 0xFF, 0xFF,
        0x0D, 0x0E, 0x0F, 0x0C, 0xFF, 0xFF, 0xFF, 0xFF, 0xFF, 0xFF, 0xFF, 0xFF, 0xFF, 0xFF, 0xFF, 0xFF,
        0x00, 0x01, 0x02, 0x03, 0x0C, 0x0D, 0x0E, 0x0F, 0x04, 0x05, 0x06, 0x07, 0x08, 0x09, 0x0A, 0x0B,
        0x0C, 0x0D, 0x0E, 0x0F, 0x00, 0x01, 0x02, 0x03, 0x04, 0x05, 0x06, 0x07, 0x08, 0x09, 0x0A, 0x0B,
        0x00, 0x01, 0x02, 0x03, 0x0C, 0x0D, 0x0E, 0x0F, 0x08, 0x09, 0x0A, 0x0B, 0x04, 0x05, 0x06, 0x07,
        0x04, 0x05, 0x06, 0x07, 0x0C, 0x0D, 0x0E, 0x0F, 0x00, 0x01, 0x02, 0x03, 0x08, 0x09, 0x0A, 0x0B,
        0x04, 0x05, 0x06, 0x07, 0x08, 0x09, 0x0A, 0x0B, 0x0C, 0x0D, 0x0E, 0x0F, 0x00, 0x01, 0x02, 0x03,
        0x08, 0x09, 0x0A, 0x0B, 0x0C, 0x0D, 0x0E, 0x0F, 0x00, 0x01, 0x02, 0x03, 0x04, 0x05, 0x06, 0x07,
        0x06, 0x07, 0x04, 0x05, 0x08, 0x09, 0x0A, 0x0B, 0x0C, 0x0D, 0x0E, 0x0F, 0x00, 0x01, 0x02, 0x03,
        0x00, 0x01, 0x02, 0x03, 0x04, 0x05, 0x06, 0x07, 0x08, 0x09, 0x0A, 0x0B, 0x0C, 0x0D, 0x0E, 0x0F,
        0x09, 0x0A, 0x0B, 0x08, 0x0C, 0x0D, 0x0E, 0x0F, 0xFF, 0xFF, 0xFF, 0xFF, 0xFF, 0xFF, 0xFF, 0xFF,
        0x00, 0x01, 0x02, 0x03, 0x04, 0x05, 0x06, 0x07, 0x08, 0x09, 0x0A, 0x0B, 0x0C, 0x0D, 0x0E, 0x0F,
        0x08, 0x09, 0x0A, 0x0B, 0x00, 0x01, 0x02, 0x03, 0x04, 0x05, 0x06, 0x07, 0x0C, 0x0D, 0x0E, 0x0F,
        0x08, 0x09, 0x0A, 0x0B, 0x04, 0x05, 0x06, 0x07, 0xFF, 0xFF, 0xFF, 0xFF, 0x0C, 0x0D, 0x0E, 0x0F,
        0x08, 0x09, 0x0A, 0x0B, 0x04, 0x05, 0x06, 0x07, 0xFF, 0xFF, 0xFF, 0xFF, 0x0C, 0x0D, 0x0E, 0x0F,
        0xFF, 0xFF, 0xFF, 0xFF, 0x0C, 0x0D, 0x0E, 0x0F, 0xFF, 0xFF, 0xFF, 0xFF, 0xFF, 0xFF, 0xFF, 0xFF,
        0x08, 0x09, 0x0A, 0x0B, 0x04, 0x05, 0x06, 0x07, 0x00, 0x01, 0x02, 0x03, 0x0C, 0x0D, 0x0E, 0x0F,
        0x06, 0x07, 0x04, 0x05, 0x08, 0x09, 0x0A, 0x0B, 0x0C, 0x0D, 0x0E, 0x0F, 0xFF, 0xFF, 0xFF, 0xFF,
        0x0A, 0x0B, 0x08, 0x09, 0x0C, 0x0D, 0x0E, 0x0F, 0x00, 0x01, 0x02, 0x03, 0x04, 0x05, 0x06, 0x07,
        0x0D, 0x0E, 0x0F, 0x0C, 0xFF, 0xFF, 0xFF, 0xFF, 0xFF, 0xFF, 0xFF, 0xFF, 0xFF, 0xFF, 0xFF, 0xFF,
        0x08, 0x09, 0x0A, 0x0B, 0x04, 0x05, 0x06, 0x07, 0x0C, 0x0D, 0x0E, 0x0F, 0xFF, 0xFF, 0xFF, 0xFF,
        0x0B, 0x08, 0x09, 0x0A, 0x0C, 0x0D, 0x0E, 0x0F, 0xFF, 0xFF, 0xFF, 0xFF, 0xFF, 0xFF, 0xFF, 0xFF,
        0x0C, 0x0D, 0x0E, 0x0F, 0x08, 0x09, 0x0A, 0x0B, 0x04, 0x05, 0x06, 0x07, 0x00, 0x01, 0x02, 0x03,
        0x0A, 0x0B, 0x08, 0x09, 0x0C, 0x0D, 0x0E, 0x0F, 0xFF, 0xFF, 0xFF, 0xFF, 0xFF, 0xFF, 0xFF, 0xFF,
        0x07, 0x04, 0x05, 0x06, 0x08, 0x09, 0x0A, 0x0B, 0x0C, 0x0D, 0x0E, 0x0F, 0xFF, 0xFF, 0xFF, 0xFF,
        0x0C, 0x0D, 0x0E, 0x0F, 0xFF, 0xFF, 0xFF, 0xFF, 0xFF, 0xFF, 0xFF, 0xFF, 0xFF, 0xFF, 0xFF, 0xFF,
        0x08, 0x09, 0x0A, 0x0B, 0x04, 0x05, 0x06, 0x07, 0x0C, 0x0D, 0x0E, 0x0F, 0xFF, 0xFF, 0xFF, 0xFF,
        0x07, 0x04, 0x05, 0x06, 0x08, 0x09, 0x0A, 0x0B, 0x0C, 0x0D, 0x0E, 0x0F, 0x00, 0x01, 0x02, 0x03,
        0x08, 0x09, 0x0A, 0x0B, 0x0C, 0x0D, 0x0E, 0x0F, 0xFF, 0xFF, 0xFF, 0xFF, 0xFF, 0xFF, 0xFF, 0xFF,
        0x00, 0x01, 0x02, 0x03, 0x0C, 0x0D, 0x0E, 0x0F, 0x08, 0x09, 0x0A, 0x0B, 0x04, 0x05, 0x06, 0x07,
        0x04, 0x05, 0x06, 0x07, 0x08, 0x09, 0x0A, 0x0B, 0x00, 0x01, 0x02, 0x03, 0x0C, 0x0D, 0x0E, 0x0F,
        0x08, 0x09, 0x0A, 0x0B, 0x0C, 0x0D, 0x0E, 0x0F, 0x00, 0x01, 0x02, 0x03, 0x04, 0x05, 0x06, 0x07,
        0x0A, 0x0B, 0x08, 0x09, 0x0C, 0x0D, 0x0E, 0x0F, 0xFF, 0xFF, 0xFF, 0xFF, 0xFF, 0xFF, 0xFF, 0xFF,
        0x04, 0x05, 0x06, 0x07, 0x08, 0x09, 0x0A, 0x0B, 0xFF, 0xFF, 0xFF, 0xFF, 0x0C, 0x0D, 0x0E, 0x0F,
        0x0C, 0x0D, 0x0E, 0x0F, 0x04, 0x05, 0x06, 0x07, 0x08, 0x09, 0x0A, 0x0B, 0x00, 0x01, 0x02, 0x03,
        0x08, 0x09, 0x0A, 0x0B, 0x04, 0x05, 0x06, 0x07, 0xFF, 0xFF, 0xFF, 0xFF, 0x0C, 0x0D, 0x0E, 0x0F,
        0x08, 0x09, 0x0A, 0x0B, 0x04, 0x05, 0x06, 0x07, 0xFF, 0xFF, 0xFF, 0xFF, 0x0C, 0x0D, 0x0E, 0x0F,
        0x08, 0x09, 0x0A, 0x0B, 0x0C, 0x0D, 0x0E, 0x0F, 0xFF, 0xFF, 0xFF, 0xFF, 0xFF, 0xFF, 0xFF, 0xFF,
        0x07, 0x04, 0x05, 0x06, 0x08, 0x09, 0x0A, 0x0B, 0x0C, 0x0D, 0x0E, 0x0F, 0xFF, 0xFF, 0xFF, 0xFF,
        0x08, 0x09, 0x0A, 0x0B, 0x04, 0x05, 0x06, 0x07, 0x0C, 0x0D, 0x0E, 0x0F, 0x00, 0x01, 0x02, 0x03,
        0x01, 0x02, 0x03, 0x00, 0x04, 0x05, 0x06, 0x07, 0x08, 0x09, 0x0A, 0x0B, 0x0C, 0x0D, 0x0E, 0x0F,
        0x0C, 0x0D, 0x0E, 0x0F, 0xFF, 0xFF, 0xFF, 0xFF, 0xFF, 0xFF, 0xFF, 0xFF, 0xFF, 0xFF, 0xFF, 0xFF,
        0xFF, 0xFF, 0xFF, 0xFF, 0xFF, 0xFF, 0xFF, 0xFF, 0xFF, 0xFF, 0xFF, 0xFF, 0x0C, 0x0D, 0x0E, 0x0F,
        0x00, 0x01, 0x02, 0x03, 0x0C, 0x0D, 0x0E, 0x0F, 0x04, 0x05, 0x06, 0x07, 0x08, 0x09, 0x0A, 0x0B,
        0x08, 0x09, 0x0A, 0x0B, 0x04, 0x05, 0x06, 0x07, 0x0C, 0x0D, 0x0E, 0x0F, 0xFF, 0xFF, 0xFF, 0xFF,
        0x00, 0x01, 0x02, 0x03, 0x04, 0x05, 0x06, 0x07, 0x08, 0x09, 0x0A, 0x0B, 0x0C, 0x0D, 0x0E, 0x0F,
        0x09, 0x0A, 0x0B, 0x08, 0x0C, 0x0D, 0x0E, 0x0F, 0xFF, 0xFF, 0xFF, 0xFF, 0xFF, 0xFF, 0xFF, 0xFF,
        0xFF, 0xFF, 0xFF, 0xFF, 0x08, 0x09, 0x0A, 0x0B, 0x0C, 0x0D, 0x0E, 0x0F, 0x04, 0x05, 0x06, 0x07,
        0x04, 0x05, 0x06, 0x07, 0x00, 0x01, 0x02, 0x03, 0x0C, 0x0D, 0x0E, 0x0F, 0x08, 0x09, 0x0A, 0x0B,
        0x0B, 0x08, 0x09, 0x0A, 0x0C, 0x0D, 0x0E, 0x0F, 0xFF, 0xFF, 0xFF, 0xFF, 0xFF, 0xFF, 0xFF, 0xFF,
        0x08, 0x09, 0x0A, 0x0B, 0x0C, 0x0D, 0x0E, 0x0F, 0x00, 0x01, 0x02, 0x03, 0x04, 0x05, 0x06, 0x07,
        0x00, 0x01, 0x02, 0x03, 0x04, 0x05, 0x06, 0x07, 0x08, 0x09, 0x0A, 0x0B, 0x0C, 0x0D, 0x0E, 0x0F,
        0x00, 0x01, 0x02, 0x03, 0x04, 0x05, 0x06, 0x07, 0x08, 0x09, 0x0A, 0x0B, 0x0C, 0x0D, 0x0E, 0x0F,
        0x08, 0x09, 0x0A, 0x0B, 0x0C, 0x0D, 0x0E, 0x0F, 0xFF, 0xFF, 0xFF, 0xFF, 0xFF, 0xFF, 0xFF, 0xFF,
        0xFF, 0xFF, 0xFF, 0xFF, 0x0C, 0x0D, 0x0E, 0x0F, 0xFF, 0xFF, 0xFF, 0xFF, 0x08, 0x09, 0x0A, 0x0B,
        0x01, 0x02, 0x03, 0x00, 0x04, 0x05, 0x06, 0x07, 0x08, 0x09, 0x0A, 0x0B, 0x0C, 0x0D, 0x0E, 0x0F,
        0x04, 0x05, 0x06, 0x07, 0x00, 0x01, 0x02, 0x03, 0x0C, 0x0D, 0x0E, 0x0F, 0x08, 0x09, 0x0A, 0x0B,
        0x00, 0x01, 0x02, 0x03, 0x08, 0x09, 0x0A, 0x0B, 0x0C, 0x0D, 0x0E, 0x0F, 0x04, 0x05, 0x06, 0x07,
        0x0F, 0x0C, 0x0D, 0x0E, 0xFF, 0xFF, 0xFF, 0xFF, 0xFF, 0xFF, 0xFF, 0xFF, 0xFF, 0xFF, 0xFF, 0xFF,
        0x0F, 0x0C, 0x0D, 0x0E, 0x00, 0x01, 0x02, 0x03, 0x04, 0x05, 0x06, 0x07, 0x08, 0x09, 0x0A, 0x0B,
        0x0A, 0x0B, 0x08, 0x09, 0x0C, 0x0D, 0x0E, 0x0F, 0x00, 0x01, 0x02, 0x03, 0x04, 0x05, 0x06, 0x07,
        0x08, 0x09, 0x0A, 0x0B, 0x0C, 0x0D, 0x0E, 0x0F, 0x04, 0x05, 0x06, 0x07, 0x00, 0x01, 0x02, 0x03,
        0x08, 0x09, 0x0A, 0x0B, 0x04, 0x05, 0x06, 0x07, 0xFF, 0xFF, 0xFF, 0xFF, 0x0C, 0x0D, 0x0E, 0x0F,
        0x08, 0x09, 0x0A, 0x0B, 0x0C, 0x0D, 0x0E, 0x0F, 0xFF, 0xFF, 0xFF, 0xFF, 0xFF, 0xFF, 0xFF, 0xFF,
        0x00, 0x01, 0x02, 0x03, 0x04, 0x05, 0x06, 0x07, 0x08, 0x09, 0x0A, 0x0B, 0x0C, 0x0D, 0x0E, 0x0F,
        0x04, 0x05, 0x06, 0x07, 0x08, 0x09, 0x0A, 0x0B, 0x00, 0x01, 0x02, 0x03, 0x0C, 0x0D, 0x0E, 0x0F,
        0xFF, 0xFF, 0xFF, 0xFF, 0x0C, 0x0D, 0x0E, 0x0F, 0xFF, 0xFF, 0xFF, 0xFF, 0x08, 0x09, 0x0A, 0x0B,
        0x0C, 0x0D, 0x0E, 0x0F, 0xFF, 0xFF, 0xFF, 0xFF, 0xFF, 0xFF, 0xFF, 0xFF, 0xFF, 0xFF, 0xFF, 0xFF,
        0x01, 0x02, 0x03, 0x00, 0x04, 0x05, 0x06, 0x07, 0x08, 0x09, 0x0A, 0x0B, 0x0C, 0x0D, 0x0E, 0x0F,
        0x04, 0x05, 0x06, 0x07, 0x00, 0x01, 0x02, 0x03, 0x0C, 0x0D, 0x0E, 0x0F, 0x08, 0x09, 0x0A, 0x0B,
        0xFF, 0xFF, 0xFF, 0xFF, 0x0C, 0x0D, 0x0E, 0x0F, 0xFF, 0xFF, 0xFF, 0xFF, 0x08, 0x09, 0x0A, 0x0B,
        0x09, 0x0A, 0x0B, 0x08, 0x0C, 0x0D, 0x0E, 0x0F, 0xFF, 0xFF, 0xFF, 0xFF, 0xFF, 0xFF, 0xFF, 0xFF,
        0x07, 0x04, 0x05, 0x06, 0x08, 0x09, 0x0A, 0x0B, 0x0C, 0x0D, 0x0E, 0x0F, 0xFF, 0xFF, 0xFF, 0xFF,
        0x06, 0x07, 0x04, 0x05, 0x08, 0x09, 0x0A, 0x0B, 0x0C, 0x0D, 0x0E, 0x0F, 0xFF, 0xFF, 0xFF, 0xFF,
        0x0C, 0x0D, 0x0E, 0x0F, 0x08, 0x09, 0x0A, 0x0B, 0xFF, 0xFF, 0xFF, 0xFF, 0xFF, 0xFF, 0xFF, 0xFF,
        0xFF, 0xFF, 0xFF, 0xFF, 0x0C, 0x0D, 0x0E, 0x0F, 0xFF, 0xFF, 0xFF, 0xFF, 0xFF, 0xFF, 0xFF, 0xFF,
        0x0C, 0x0D, 0x0E, 0x0F, 0x08, 0x09, 0x0A, 0x0B, 0xFF, 0xFF, 0xFF, 0xFF, 0xFF, 0xFF, 0xFF, 0xFF,
        0x00, 0x01, 0x02, 0x03, 0x0C, 0x0D, 0x0E, 0x0F, 0x04, 0x05, 0x06, 0x07, 0x08, 0x09, 0x0A, 0x0B,
        0x0B, 0x08, 0x09, 0x0A, 0x0C, 0x0D, 0x0E, 0x0F, 0x00, 0x01, 0x02, 0x03, 0x04, 0x05, 0x06, 0x07,
        0x0C, 0x0D, 0x0E, 0x0F, 0x00, 0x01, 0x02, 0x03, 0x04, 0x05, 0x06, 0x07, 0x08, 0x09, 0x0A, 0x0B,
        0x0C, 0x0D, 0x0E, 0x0F, 0x08, 0x09, 0x0A, 0x0B, 0x00, 0x01, 0x02, 0x03, 0x04, 0x05, 0x06, 0x07,
        0xFF, 0xFF, 0xFF, 0xFF, 0xFF, 0xFF, 0xFF, 0xFF, 0xFF, 0xFF, 0xFF, 0xFF, 0x0C, 0x0D, 0x0E, 0x0F,
        0x00, 0x01, 0x02, 0x03, 0x04, 0x05, 0x06, 0x07, 0x0C, 0x0D, 0x0E, 0x0F, 0x08, 0x09, 0x0A, 0x0B,
        0x04, 0x05, 0x06, 0x07, 0x08, 0x09, 0x0A, 0x0B, 0x0C, 0x0D, 0x0E, 0x0F, 0xFF, 0xFF, 0xFF, 0xFF,
        0x00, 0x01, 0x02, 0x03, 0x04, 0x05, 0x06, 0x07, 0x08, 0x09, 0x0A, 0x0B, 0x0C, 0x0D, 0x0E, 0x0F,
        0x00, 0x01, 0x02, 0x03, 0x04, 0x05, 0x06, 0x07, 0x08, 0x09, 0x0A, 0x0B, 0x0C, 0x0D, 0x0E, 0x0F,
        0x08, 0x09, 0x0A, 0x0B, 0x0C, 0x0D, 0x0E, 0x0F, 0x00, 0x01, 0x02, 0x03, 0x04, 0x05, 0x06, 0x07,
        0x0E, 0x0F, 0x0C, 0x0D, 0x00, 0x01, 0x02, 0x03, 0x04, 0x05, 0x06, 0x07, 0x08, 0x09, 0x0A, 0x0B,
        0x00, 0x01, 0x02, 0x03, 0x08, 0x09, 0x0A, 0x0B, 0x0C, 0x0D, 0x0E, 0x0F, 0x04, 0x05, 0x06, 0x07,
        0x06, 0x07, 0x04, 0x05, 0x08, 0x09, 0x0A, 0x0B, 0x0C, 0x0D, 0x0E, 0x0F, 0xFF, 0xFF, 0xFF, 0xFF,
        0x0D, 0x0E, 0x0F, 0x0C, 0x00, 0x01, 0x02, 0x03, 0x04, 0x05, 0x06, 0x07, 0x08, 0x09, 0x0A, 0x0B,
        0x04, 0x05, 0x06, 0x07, 0x0C, 0x0D, 0x0E, 0x0F, 0x00, 0x01, 0x02, 0x03, 0x08, 0x09, 0x0A, 0x0B,
        0x08, 0x09, 0x0A, 0x0B, 0x04, 0x05, 0x06, 0x07, 0x0C, 0x0D, 0x0E, 0x0F, 0x00, 0x01, 0x02, 0x03,
        0xFF, 0xFF, 0xFF, 0xFF, 0xFF, 0xFF, 0xFF, 0xFF, 0xFF, 0xFF, 0xFF, 0xFF, 0x0C, 0x0D, 0x0E, 0x0F,
        0x0D, 0x0E, 0x0F, 0x0C, 0xFF, 0xFF, 0xFF, 0xFF, 0xFF, 0xFF, 0xFF, 0xFF, 0xFF, 0xFF, 0xFF, 0xFF,
        0x0B, 0x08, 0x09, 0x0A, 0x0C, 0x0D, 0x0E, 0x0F, 0xFF, 0xFF, 0xFF, 0xFF, 0xFF, 0xFF, 0xFF, 0xFF,
        0x00, 0x01, 0x02, 0x03, 0x04, 0x05, 0x06, 0x07, 0x08, 0x09, 0x0A, 0x0B, 0x0C, 0x0D, 0x0E, 0x0F,
        0x00, 0x01, 0x02, 0x03, 0x04, 0x05, 0x06, 0x07, 0x08, 0x09, 0x0A, 0x0B, 0x0C, 0x0D, 0x0E, 0x0F,
        0x04, 0x05, 0x06, 0x07, 0x08, 0x09, 0x0A, 0x0B, 0x0C, 0x0D, 0x0E, 0x0F, 0x00, 0x01, 0x02, 0x03,
        0x00, 0x01, 0x02, 0x03, 0x0C, 0x0D, 0x0E, 0x0F, 0x08, 0x09, 0x0A, 0x0B, 0x04, 0x05, 0x06, 0x07,
        0x08, 0x09, 0x0A, 0x0B, 0x0C, 0x0D, 0x0E, 0x0F, 0x00, 0x01, 0x02, 0x03, 0x04, 0x05, 0x06, 0x07,
        0x00, 0x01, 0x02, 0x03, 0x04, 0x05, 0x06, 0x07, 0x08, 0x09, 0x0A, 0x0B, 0x0C, 0x0D, 0x0E, 0x0F,
        0x03, 0x00, 0x01, 0x02, 0x04, 0x05, 0x06, 0x07, 0x08, 0x09, 0x0A, 0x0B, 0x0C, 0x0D, 0x0E, 0x0F,
        0x08, 0x09, 0x0A, 0x0B, 0x04, 0x05, 0x06, 0x07, 0x00, 0x01, 0x02, 0x03, 0x0C, 0x0D, 0x0E, 0x0F,
        0xFF, 0xFF, 0xFF, 0xFF, 0xFF, 0xFF, 0xFF, 0xFF, 0xFF, 0xFF, 0xFF, 0xFF, 0x0C, 0x0D, 0x0E, 0x0F,
        0x08, 0x09, 0x0A, 0x0B, 0x0C, 0x0D, 0x0E, 0x0F, 0x00, 0x01, 0x02, 0x03, 0x04, 0x05, 0x06, 0x07,
        0x00, 0x01, 0x02, 0x03, 0x04, 0x05, 0x06, 0x07, 0x08, 0x09, 0x0A, 0x0B, 0x0C, 0x0D, 0x0E, 0x0F,
        0x00, 0x01, 0x02, 0x03, 0x04, 0x05, 0x06, 0x07, 0x08, 0x09, 0x0A, 0x0B, 0x0C, 0x0D, 0x0E, 0x0F,
        0x0C, 0x0D, 0x0E, 0x0F, 0xFF, 0xFF, 0xFF, 0xFF, 0xFF, 0xFF, 0xFF, 0xFF, 0xFF, 0xFF, 0xFF, 0xFF,
        0x0D, 0x0E, 0x0F, 0x0C, 0x00, 0x01, 0x02, 0x03, 0x04, 0x05, 0x06, 0x07, 0x08, 0x09, 0x0A, 0x0B,
        0x0F, 0x0C, 0x0D, 0x0E, 0x00, 0x01, 0x02, 0x03, 0x04, 0x05, 0x06, 0x07, 0x08, 0x09, 0x0A, 0x0B,
        0x07, 0x04, 0x05, 0x06, 0x08, 0x09, 0x0A, 0x0B, 0x0C, 0x0D, 0x0E, 0x0F, 0x00, 0x01, 0x02, 0x03,
        0x00, 0x01, 0x02, 0x03, 0x04, 0x05, 0x06, 0x07, 0x08, 0x09, 0x0A, 0x0B, 0x0C, 0x0D, 0x0E, 0x0F,
        0x0A, 0x0B, 0x08, 0x09, 0x0C, 0x0D, 0x0E, 0x0F, 0xFF, 0xFF, 0xFF, 0xFF, 0xFF, 0xFF, 0xFF, 0xFF,
        0x09, 0x0A, 0x0B, 0x08, 0x0C, 0x0D, 0x0E, 0x0F, 0x00, 0x01, 0x02, 0x03, 0x04, 0x05, 0x06, 0x07,
        0x01, 0x02, 0x03, 0x00, 0x04, 0x05, 0x06, 0x07, 0x08, 0x09, 0x0A, 0x0B, 0x0C, 0x0D, 0x0E, 0x0F,
        0x0E, 0x0F, 0x0C, 0x0D, 0x00, 0x01, 0x02, 0x03, 0x04, 0x05, 0x06, 0x07, 0x08, 0x09, 0x0A, 0x0B,
        0x08, 0x09, 0x0A, 0x0B, 0x04, 0x05, 0x06, 0x07, 0x00, 0x01, 0x02, 0x03, 0x0C, 0x0D, 0x0E, 0x0F,
        0x00, 0x01, 0x02, 0x03, 0x0C, 0x0D, 0x0E, 0x0F, 0x08, 0x09, 0x0A, 0x0B, 0x04, 0x05, 0x06, 0x07,
        0x0F, 0x0C, 0x0D, 0x0E, 0xFF, 0xFF, 0xFF, 0xFF, 0xFF, 0xFF, 0xFF, 0xFF, 0xFF, 0xFF, 0xFF, 0xFF,
        0x01, 0x02, 0x03, 0x00, 0x04, 0x05, 0x06, 0x07, 0x08, 0x09, 0x0A, 0x0B, 0x0C, 0x0D, 0x0E, 0x0F,
        0x00, 0x01, 0x02, 0x03, 0x0C, 0x0D, 0x0E, 0x0F, 0x04, 0x05, 0x06, 0x07, 0x08, 0x09, 0x0A, 0x0B,
        0x04, 0x05, 0x06, 0x07, 0xFF, 0xFF, 0xFF, 0xFF, 0xFF, 0xFF, 0xFF, 0xFF, 0xFF, 0xFF, 0xFF, 0xFF,
        0x04, 0x05, 0x06, 0x07, 0x0C, 0x0D, 0x0E, 0x0F, 0x00, 0x01, 0x02, 0x03, 0x08, 0x09, 0x0A, 0x0B,
        0x07, 0x04, 0x05, 0x06, 0x08, 0x09, 0x0A, 0x0B, 0x0C, 0x0D, 0x0E, 0x0F, 0x00, 0x01, 0x02, 0x03,
        0x00, 0x01, 0x02, 0x03, 0x04, 0x05, 0x06, 0x07, 0x08, 0x09, 0x0A, 0x0B, 0x0C, 0x0D, 0x0E, 0x0F,
        0x08, 0x09, 0x0A, 0x0B, 0x04, 0x05, 0x06, 0x07, 0x0C, 0x0D, 0x0E, 0x0F, 0xFF, 0xFF, 0xFF, 0xFF,
        0x00, 0x01, 0x02, 0x03, 0x08, 0x09, 0x0A, 0x0B, 0x0C, 0x0D, 0x0E, 0x0F, 0x04, 0x05, 0x06, 0x07,
        0x00, 0x01, 0x02, 0x03, 0x04, 0x05, 0x06, 0x07, 0x08, 0x09, 0x0A, 0x0B, 0x0C, 0x0D, 0x0E, 0x0F,
        0x0C, 0x0D, 0x0E, 0x0F, 0x04, 0x05, 0x06, 0x07, 0x08, 0x09, 0x0A, 0x0B, 0x00, 0x01, 0x02, 0x03,
        0x00, 0x01, 0x02, 0x03, 0x04, 0x05, 0x06, 0x07, 0x08, 0x09, 0x0A, 0x0B, 0x0C, 0x0D, 0x0E, 0x0F,
        0x00, 0x01, 0x02, 0x03, 0x04, 0x05, 0x06, 0x07, 0x08, 0x09, 0x0A, 0x0B, 0x0C, 0x0D, 0x0E, 0x0F,
        0x08, 0x09, 0x0A, 0x0B, 0x00, 0x01, 0x02, 0x03, 0x04, 0x05, 0x06, 0x07, 0x0C, 0x0D, 0x0E, 0x0F,
        0xFF, 0xFF, 0xFF, 0xFF, 0x0C, 0x0D, 0x0E, 0x0F, 0xFF, 0xFF, 0xFF, 0xFF, 0xFF, 0xFF, 0xFF, 0xFF,
        0x08, 0x09, 0x0A, 0x0B, 0x04, 0x05, 0x06, 0x07, 0x00, 0x01, 0x02, 0x03, 0x0C, 0x0D, 0x0E, 0x0F,
        0x04, 0x05, 0x06, 0x07, 0x08, 0x09, 0x0A, 0x0B, 0x0C, 0x0D, 0x0E, 0x0F, 0xFF, 0xFF, 0xFF, 0xFF,
        0x04, 0x05, 0x06, 0x07, 0x08, 0x09, 0x0A, 0x0B, 0x0C, 0x0D, 0x0E, 0x0F, 0xFF, 0xFF, 0xFF, 0xFF,
        0x0B, 0x08, 0x09, 0x0A, 0x0C, 0x0D, 0x0E, 0x0F, 0x00, 0x01, 0x02, 0x03, 0x04, 0x05, 0x06, 0x07,
        0x02, 0x03, 0x00, 0x01, 0x04, 0x05, 0x06, 0x07, 0x08, 0x09, 0x0A, 0x0B, 0x0C, 0x0D, 0x0E, 0x0F,
        0x09, 0x0A, 0x0B, 0x08, 0x0C, 0x0D, 0x0E, 0x0F, 0x00, 0x01, 0x02, 0x03, 0x04, 0x05, 0x06, 0x07,
        0x07, 0x04, 0x05, 0x06, 0x08, 0x09, 0x0A, 0x0B, 0x0C, 0x0D, 0x0E, 0x0F, 0xFF, 0xFF, 0xFF, 0xFF,
        0x0C, 0x0D, 0x0E, 0x0F, 0x00, 0x01, 0x02, 0x03, 0x08, 0x09, 0x0A, 0x0B, 0x04, 0x05, 0x06, 0x07,
        0x0C, 0x0D, 0x0E, 0x0F, 0x08, 0x09, 0x0A, 0x0B, 0x00, 0x01, 0x02, 0x03, 0x04, 0x05, 0x06, 0x07,
        0x0D, 0x0E, 0x0F, 0x0C, 0x00, 0x01, 0x02, 0x03, 0x04, 0x05, 0x06, 0x07, 0x08, 0x09, 0x0A, 0x0B,
        0x04, 0x05, 0x06, 0x07, 0x08, 0x09, 0x0A, 0x0B, 0x00, 0x01, 0x02, 0x03, 0x0C, 0x0D, 0x0E, 0x0F,
        0x04, 0x05, 0x06, 0x07, 0x00, 0x01, 0x02, 0x03, 0x0C, 0x0D, 0x0E, 0x0F, 0x08, 0x09, 0x0A, 0x0B,
        0x00, 0x01, 0x02, 0x03, 0x04, 0x05, 0x06, 0x07, 0x0C, 0x0D, 0x0E, 0x0F, 0x08, 0x09, 0x0A, 0x0B,
        0x08, 0x09, 0x0A, 0x0B, 0x04, 0x05, 0x06, 0x07, 0xFF, 0xFF, 0xFF, 0xFF, 0x0C, 0x0D, 0x0E, 0x0F,
        0x08, 0x09, 0x0A, 0x0B, 0x0C, 0x0D, 0x0E, 0x0F, 0xFF, 0xFF, 0xFF, 0xFF, 0xFF, 0xFF, 0xFF, 0xFF,
        0x0E, 0x0F, 0x0C, 0x0D, 0xFF, 0xFF, 0xFF, 0xFF, 0xFF, 0xFF, 0xFF, 0xFF, 0xFF, 0xFF, 0xFF, 0xFF,
        0x0C, 0x0D, 0x0E, 0x0F, 0x04, 0x05, 0x06, 0x07, 0x08, 0x09, 0x0A, 0x0B, 0x00, 0x01, 0x02, 0x03,
        0x07, 0x04, 0x05, 0x06, 0x08, 0x09, 0x0A, 0x0B, 0x0C, 0x0D, 0x0E, 0x0F, 0x00, 0x01, 0x02, 0x03,
        0x00, 0x01, 0x02, 0x03, 0x04, 0x05, 0x06, 0x07, 0x08, 0x09, 0x0A, 0x0B, 0x0C, 0x0D, 0x0E, 0x0F,
        0x04, 0x05, 0x06, 0x07, 0x00, 0x01, 0x02, 0x03, 0x0C, 0x0D, 0x0E, 0x0F, 0x08, 0x09, 0x0A, 0x0B,
        0x00, 0x01, 0x02, 0x03, 0x04, 0x05, 0x06, 0x07, 0x08, 0x09, 0x0A, 0x0B, 0x0C, 0x0D, 0x0E, 0x0F,
        0x0C, 0x0D, 0x0E, 0x0F, 0xFF, 0xFF, 0xFF, 0xFF, 0xFF, 0xFF, 0xFF, 0xFF, 0xFF, 0xFF, 0xFF, 0xFF,
        0xFF, 0xFF, 0xFF, 0xFF, 0x0C, 0x0D, 0x0E, 0x0F, 0xFF, 0xFF, 0xFF, 0xFF, 0xFF, 0xFF, 0xFF, 0xFF,
        0x00, 0x01, 0x02, 0x03, 0x08, 0x09, 0x0A, 0x0B, 0x0C, 0x0D, 0x0E, 0x0F, 0x04, 0x05, 0x06, 0x07,
        0x00, 0x01, 0x02, 0x03, 0x04, 0x05, 0x06, 0x07, 0x08, 0x09, 0x0A, 0x0B, 0x0C, 0x0D, 0x0E, 0x0F,
        0x00, 0x01, 0x02, 0x03, 0x04, 0x05, 0x06, 0x07, 0x0C, 0x0D, 0x0E, 0x0F, 0x08, 0x09, 0x0A, 0x0B,
        0x0C, 0x0D, 0x0E, 0x0F, 0x08, 0x09, 0x0A, 0x0B, 0xFF, 0xFF, 0xFF, 0xFF, 0xFF, 0xFF, 0xFF, 0xFF,
        0x08, 0x09, 0x0A, 0x0B, 0x04, 0x05, 0x06, 0x07, 0x00, 0x01, 0x02, 0x03, 0x0C, 0x0D, 0x0E, 0x0F,
        0x0E, 0x0F, 0x0C, 0x0D, 0x00, 0x01, 0x02, 0x03, 0x04, 0x05, 0x06, 0x07, 0x08, 0x09, 0x0A, 0x0B,
        0x0C, 0x0D, 0x0E, 0x0F, 0x08, 0x09, 0x0A, 0x0B, 0x00, 0x01, 0x02, 0x03, 0x04, 0x05, 0x06, 0x07,
        0x0A, 0x0B, 0x08, 0x09, 0x0C, 0x0D, 0x0E, 0x0F, 0xFF, 0xFF, 0xFF, 0xFF, 0xFF, 0xFF, 0xFF, 0xFF,
        0x0C, 0x0D, 0x0E, 0x0F, 0xFF, 0xFF, 0xFF, 0xFF, 0xFF, 0xFF, 0xFF, 0xFF, 0xFF, 0xFF, 0xFF, 0xFF,
        0xFF, 0xFF, 0xFF, 0xFF, 0x08, 0x09, 0x0A, 0x0B, 0x0C, 0x0D, 0x0E, 0x0F, 0x04, 0x05, 0x06, 0x07,
        0x00, 0x01, 0x02, 0x03, 0x04, 0x05, 0x06, 0x07, 0x08, 0x09, 0x0A, 0x0B, 0x0C, 0x0D, 0x0E, 0x0F,
        0x0F, 0x0C, 0x0D, 0x0E, 0x00, 0x01, 0x02, 0x03, 0x04, 0x05, 0x06, 0x07, 0x08, 0x09, 0x0A, 0x0B,
        0x0F, 0x0C, 0x0D, 0x0E, 0xFF, 0xFF, 0xFF, 0xFF, 0xFF, 0xFF, 0xFF, 0xFF, 0xFF, 0xFF, 0xFF, 0xFF,
        0x04, 0x05, 0x06, 0x07, 0x08, 0x09, 0x0A, 0x0B, 0x00, 0x01, 0x02, 0x03, 0x0C, 0x0D, 0x0E, 0x0F,
        0xFF, 0xFF, 0xFF, 0xFF, 0x0C, 0x0D, 0x0E, 0x0F, 0xFF, 0xFF, 0xFF, 0xFF, 0xFF, 0xFF, 0xFF, 0xFF,
        0x00, 0x01, 0x02, 0x03, 0x04, 0x05, 0x06, 0x07, 0x08, 0x09, 0x0A, 0x0B, 0x0C, 0x0D, 0x0E, 0x0F,
        0x0C, 0x0D, 0x0E, 0x0F, 0x08, 0x09, 0x0A, 0x0B, 0x04, 0x05, 0x06, 0x07, 0x00, 0x01, 0x02, 0x03,
        0x04, 0x05, 0x06, 0x07, 0x08, 0x09, 0x0A, 0x0B, 0xFF, 0xFF, 0xFF, 0xFF, 0x0C, 0x0D, 0x0E, 0x0F,
        0x08, 0x09, 0x0A, 0x0B, 0x00, 0x01, 0x02, 0x03, 0x04, 0x05, 0x06, 0x07, 0x0C, 0x0D, 0x0E, 0x0F,
        0x00, 0x01, 0x02, 0x03, 0x04, 0x05, 0x06, 0x07, 0x08, 0x09, 0x0A, 0x0B, 0x0C, 0x0D, 0x0E, 0x0F,
        0x0C, 0x0D, 0x0E, 0x0F, 0x08, 0x09, 0x0A, 0x0B, 0x04, 0x05, 0x06, 0x07, 0x00, 0x01, 0x02, 0x03,
        0x0C, 0x0D, 0x0E, 0x0F, 0x00, 0x01, 0x02, 0x03, 0x04, 0x05, 0x06, 0x07, 0x08, 0x09, 0x0A, 0x0B,
        0x04, 0x05, 0x06, 0x07, 0x08, 0x09, 0x0A, 0x0B, 0xFF, 0xFF, 0xFF, 0xFF, 0x0C, 0x0D, 0x0E, 0x0F,
        0xFF, 0xFF, 0xFF, 0xFF, 0x0C, 0x0D, 0x0E, 0x0F, 0xFF, 0xFF, 0xFF, 0xFF, 0x08, 0x09, 0x0A, 0x0B,
        0x05, 0x06, 0x07, 0x04, 0x08, 0x09, 0x0A, 0x0B, 0x0C, 0x0D, 0x0E, 0x0F, 0x00, 0x01, 0x02, 0x03,
        0x00, 0x01, 0x02, 0x03, 0x04, 0x05, 0x06, 0x07, 0x08, 0x09, 0x0A, 0x0B, 0x0C, 0x0D, 0x0E, 0x0F,
        0x0C, 0x0D, 0x0E, 0x0F, 0xFF, 0xFF, 0xFF, 0xFF, 0xFF, 0xFF, 0xFF, 0xFF, 0xFF, 0xFF, 0xFF, 0xFF,
        0x0C, 0x0D, 0x0E, 0x0F, 0x08, 0x09, 0x0A, 0x0B, 0x00, 0x01, 0x02, 0x03, 0x04, 0x05, 0x06, 0x07,
        0x05, 0x06, 0x07, 0x04, 0x08, 0x09, 0x0A, 0x0B, 0x0C, 0x0D, 0x0E, 0x0F, 0xFF, 0xFF, 0xFF, 0xFF,
        0x00, 0x01, 0x02, 0x03, 0x04, 0x05, 0x06, 0x07, 0x08, 0x09, 0x0A, 0x0B, 0x0C, 0x0D, 0x0E, 0x0F,
        0x0C, 0x0D, 0x0E, 0x0F, 0x08, 0x09, 0x0A, 0x0B, 0xFF, 0xFF, 0xFF, 0xFF, 0xFF, 0xFF, 0xFF, 0xFF,
        0x08, 0x09, 0x0A, 0x0B, 0x04, 0x05, 0x06, 0x07, 0x0C, 0x0D, 0x0E, 0x0F, 0xFF, 0xFF, 0xFF, 0xFF,
        0x00, 0x01, 0x02, 0x03, 0x04, 0x05, 0x06, 0x07, 0x08, 0x09, 0x0A, 0x0B, 0x0C, 0x0D, 0x0E, 0x0F,
        0x04, 0x05, 0x06, 0x07, 0x08, 0x09, 0x0A, 0x0B, 0x0C, 0x0D, 0x0E, 0x0F, 0x00, 0x01, 0x02, 0x03,
        0x0E, 0x0F, 0x0C, 0x0D, 0xFF, 0xFF, 0xFF, 0xFF, 0xFF, 0xFF, 0xFF, 0xFF, 0xFF, 0xFF, 0xFF, 0xFF,
        0xFF, 0xFF, 0xFF, 0xFF, 0x0C, 0x0D, 0x0E, 0x0F, 0xFF, 0xFF, 0xFF, 0xFF, 0xFF, 0xFF, 0xFF, 0xFF,
        0x0A, 0x0B, 0x08, 0x09, 0x0C, 0x0D, 0x0E, 0x0F, 0x00, 0x01, 0x02, 0x03, 0x04, 0x05, 0x06, 0x07,
    };

    public static ReadOnlySpan<byte> Flags => new byte[]
    {
        0x03, 0x02, 0x00, 0x03, 0x02, 0x03, 0x00, 0x02, 0x03, 0x01, 0x02, 0x00, 0x03, 0x00, 0x01, 0x03, 0x02, 0x03, 0x00, 0x01, 0x00, 0x01, 0x02, 0x00, 0x00, 0x01, 0x00, 0x02, 0x00, 0x00, 0x02, 0x03,
        0x01, 0x01, 0x03, 0x02, 0x00, 0x02, 0x00, 0x00, 0x02, 0x01, 0x00, 0x03, 0x00, 0x03, 0x01, 0x00, 0x00, 0x00, 0x02, 0x02, 0x00, 0x02, 0x00, 0x01, 0x00, 0x02, 0x00, 0x02, 0x00, 0x03, 0x00, 0x02,
        0x03, 0x03, 0x00, 0x03, 0x00, 0x02, 0x00, 0x01, 0x00, 0x00, 0x03, 0x03, 0x02, 0x01, 0x01, 0x01, 0x01, 0x01, 0x03, 0x00, 0x02, 0x01, 0x01, 0x00, 0x02, 0x03, 0x00, 0x01, 0x00, 0x00, 0x03, 0x00,
        0x00, 0x00, 0x01, 0x01, 0x01, 0x00, 0x01, 0x03, 0x03, 0x03, 0x00, 0x02, 0x00, 0x03, 0x03, 0x03, 0x02, 0x02, 0x00, 0x01, 0x00, 0x01, 0x02, 0x00, 0x02, 0x01, 0x02, 0x03, 0x01, 0x02, 0x00, 0x03,
        0x00, 0x01, 0x01, 0x01, 0x01, 0x00, 0x00, 0x00, 0x03, 0x01, 0x00, 0x01, 0x01, 0x01, 0x02, 0x03, 0x01, 0x00, 0x00, 0x01, 0x01, 0x02, 0x00, 0x03, 0x01, 0x01, 0x01, 0x00, 0x00, 0x03, 0x03, 0x00,
        0x01, 0x02, 0x00, 0x00, 0x01, 0x01, 0x01, 0x03, 0x00, 0x01, 0x00, 0x02, 0x02, 0x02, 0x02, 0x01, 0x00, 0x00, 0x00, 0x01, 0x02, 0x02, 0x03, 0x00, 0x02, 0x00, 0x02, 0x00, 0x02, 0x02, 0x03, 0x00,
        0x00, 0x00, 0x02, 0x00, 0x02, 0x00, 0x00, 0x03, 0x02, 0x03, 0x02, 0x00, 0x02, 0x00, 0x03, 0x03, 0x03, 0x00, 0x02, 0x00, 0x03, 0x01, 0x02, 0x00, 0x00, 0x00, 0x00, 0x01, 0x03, 0x03, 0x02, 0x03,
        0x00, 0x00, 0x00, 0x00, 0x00, 0x02, 0x03, 0x00, 0x03, 0x01, 0x03, 0x02, 0x00, 0x02, 0x03, 0x00, 0x00, 0x00, 0x02, 0x00, 0x00, 0x00, 0x02, 0x02, 0x03, 0x00, 0x02, 0x01, 0x01, 0x01, 0x01, 0x03,
        0x00, 0x01, 0x01, 0x00, 0x03, 0x01, 0x03, 0x03, 0x00, 0x01, 0x02, 0x00, 0x03, 0x00, 0x01, 0x03, 0x00, 0x00, 0x00, 0x01, 0x01, 0x03, 0x00, 0x00, 0x03, 0x00, 0x01, 0x03, 0x02, 0x01, 0x02, 0x03,
        0x03, 0x00, 0x02, 0x01, 0x03, 0x03, 0x01, 0x01, 0x02, 0x01, 0x01, 0x02, 0x03, 0x00, 0x00, 0x01, 0x03, 0x01, 0x03, 0x01, 0x02, 0x00, 0x03, 0x00, 0x00, 0x03, 0x01, 0x02, 0x00, 0x00, 0x00, 0x03,
        0x00, 0x02, 0x00, 0x00, 0x02, 0x02, 0x00, 0x02, 0x00, 0x00, 0x00, 0x00, 0x02, 0x02, 0x02, 0x01, 0x03, 0x03, 0x00, 0x03, 0x03, 0x02, 0x00, 0x00, 0x00, 0x02, 0x03, 0x03, 0x01, 0x00, 0x03, 0x00,
        0x00, 0x03, 0x02, 0x01, 0x00, 0x00, 0x00, 0x03, 0x01, 0x01, 0x01, 0x00, 0x00, 0x01, 0x03, 0x01, 0x00, 0x00, 0x01, 0x00, 0x00, 0x01, 0x01, 0x02, 0x01, 0x02, 0x02, 0x02, 0x02, 0x00, 0x00, 0x00,
        0x00, 0x00, 0x00, 0x00, 0x00, 0x00, 0x00, 0x03, 0x00, 0x03, 0x00, 0x03, 0x00, 0x00, 0x00, 0x00, 0x00, 0x00, 0x00, 0x01, 0x00, 0x02, 0x02, 0x02, 0x01, 0x03, 0x00, 0x00, 0x03, 0x02, 0x02, 0x02,
        0x01, 0x00, 0x00, 0x03, 0x01, 0x02, 0x00, 0x00, 0x00, 0x03, 0x00, 0x02, 0x03, 0x01, 0x03, 0x03, 0x02, 0x01, 0x01, 0x00, 0x00, 0x00, 0x00, 0x02, 0x01, 0x03, 0x02, 0x02, 0x00, 0x02, 0x03, 0x02,
        0x01, 0x01, 0x00, 0x00, 0x00, 0x00, 0x00, 0x03, 0x00, 0x01, 0x02, 0x00, 0x03, 0x03, 0x00, 0x01, 0x02, 0x01, 0x00, 0x01, 0x00, 0x01, 0x02, 0x02, 0x00, 0x01, 0x00, 0x00, 0x00, 0x01, 0x01, 0x00,
        0x00, 0x00, 0x02, 0x03, 0x02, 0x01, 0x00, 0x02, 0x03, 0x02, 0x00, 0x03, 0x00, 0x01, 0x02, 0x00, 0x03, 0x02, 0x02, 0x01, 0x03, 0x02, 0x03, 0x02, 0x03, 0x02, 0x00, 0x02, 0x03, 0x03, 0x02, 0x02,
        0x03, 0x01, 0x00, 0x03, 0x01, 0x00, 0x00, 0x03, 0x00, 0x01, 0x01, 0x02, 0x03, 0x01, 0x00, 0x02, 0x00, 0x02, 0x00, 0x02, 0x03, 0x01, 0x00, 0x02, 0x00, 0x01, 0x03, 0x01, 0x00, 0x02, 0x00, 0x01,
        0x03, 0x02, 0x00, 0x03, 0x01, 0x02, 0x02, 0x01, 0x01, 0x00, 0x01, 0x00, 0x02, 0x00, 0x00, 0x01, 0x00, 0x02, 0x03, 0x02, 0x00, 0x02, 0x00, 0x02, 0x02, 0x03, 0x00, 0x03, 0x03, 0x00, 0x01, 0x00,
        0x02, 0x00, 0x02, 0x01, 0x01, 0x01, 0x03, 0x00, 0x02, 0x02, 0x01, 0x03, 0x02, 0x01, 0x03, 0x00, 0x00, 0x00, 0x03, 0x00, 0x00, 0x01, 0x00, 0x01, 0x01, 0x00, 0x00, 0x01, 0x01, 0x02, 0x00, 0x00,
        0x02, 0x02, 0x02, 0x03, 0x00, 0x03, 0x00, 0x03, 0x03, 0x00, 0x00, 0x00, 0x00, 0x00, 0x00, 0x01, 0x01, 0x03, 0x02, 0x03, 0x02, 0x01, 0x00, 0x00, 0x01, 0x00, 0x00, 0x00, 0x03, 0x02, 0x03, 0x02,
        0x00, 0x03, 0x03, 0x00, 0x00, 0x02, 0x03, 0x03, 0x03, 0x00, 0x02, 0x03, 0x00, 0x02, 0x02, 0x00, 0x01, 0x02, 0x00, 0x00, 0x00, 0x03, 0x00, 0x01, 0x02, 0x02, 0x03, 0x02, 0x00, 0x02, 0x00, 0x00,
        0x01, 0x03, 0x00, 0x02, 0x00, 0x03, 0x01, 0x00, 0x02, 0x01, 0x03, 0x01, 0x01, 0x00, 0x03, 0x00, 0x03, 0x01, 0x00, 0x00, 0x00, 0x02, 0x00, 0x00, 0x01, 0x03, 0x03, 0x00, 0x02, 0x00, 0x00, 0x00,
        0x00, 0x00, 0x02, 0x03, 0x03, 0x01, 0x01, 0x00, 0x01, 0x03, 0x01, 0x03, 0x03, 0x01, 0x00, 0x01, 0x02, 0x02, 0x00, 0x01, 0x01, 0x03, 0x03, 0x00, 0x00, 0x00, 0x00, 0x01, 0x01, 0x00, 0x01, 0x02,
        0x00, 0x01, 0x03, 0x01, 0x02, 0x03, 0x00, 0x03, 0x00, 0x01, 0x00, 0x00, 0x01, 0x00, 0x01, 0x01, 0x00, 0x00, 0x01, 0x03, 0x00, 0x03, 0x00, 0x00, 0x02, 0x03, 0x00, 0x01, 0x03, 0x00, 0x03, 0x01,
        0x03, 0x00, 0x03, 0x00, 0x01, 0x02, 0x00, 0x00, 0x03, 0x01, 0x00, 0x01, 0x02, 0x03, 0x01, 0x02, 0x01, 0x03, 0x00, 0x03, 0x02, 0x00, 0x02, 0x01, 0x02, 0x00, 0x01, 0x03, 0x00, 0x00, 0x03, 0x00,
        0x00, 0x01, 0x02, 0x00, 0x03, 0x02, 0x00, 0x00, 0x01, 0x01, 0x01, 0x03, 0x01, 0x02, 0x03, 0x00, 0x02, 0x00, 0x00, 0x02, 0x00, 0x00, 0x03, 0x01, 0x02, 0x02, 0x00, 0x03, 0x02, 0x00, 0x02, 0x00,
        0x03, 0x02, 0x00, 0x00, 0x01, 0x00, 0x02, 0x00, 0x00, 0x00, 0x00, 0x01, 0x03, 0x00, 0x03, 0x00, 0x00, 0x01, 0x00, 0x02, 0x03, 0x00, 0x01, 0x03, 0x03, 0x03, 0x00, 0x03, 0x01, 0x03, 0x02, 0x01,
        0x02, 0x03, 0x02, 0x03, 0x03, 0x00, 0x00, 0x02, 0x00, 0x00, 0x00, 0x01, 0x03, 0x02, 0x01, 0x01, 0x01, 0x00, 0x00, 0x01, 0x02, 0x03, 0x00, 0x01, 0x02, 0x02, 0x01, 0x03, 0x00, 0x00, 0x00, 0x03,
        0x01, 0x02, 0x01, 0x00, 0x00, 0x01, 0x02, 0x01, 0x00, 0x00, 0x03, 0x01, 0x03, 0x01, 0x02, 0x03, 0x02, 0x03, 0x00, 0x00, 0x02, 0x03, 0x00, 0x02, 0x03, 0x00, 0x01, 0x02, 0x00, 0x00, 0x00, 0x00,
        0x00, 0x00, 0x03, 0x01, 0x00, 0x02, 0x01, 0x00, 0x00, 0x00, 0x03, 0x00, 0x00, 0x03, 0x00, 0x02, 0x02, 0x00, 0x01, 0x00, 0x02, 0x03, 0x02, 0x02, 0x00, 0x01, 0x02, 0x02, 0x03, 0x02, 0x00, 0x00,
        0x00, 0x00, 0x00, 0x00, 0x03, 0x01, 0x00, 0x01, 0x00, 0x03, 0x01, 0x01, 0x03, 0x01, 0x02, 0x03, 0x00, 0x01, 0x02, 0x02, 0x01, 0x01, 0x00, 0x00, 0x00, 0x03, 0x01, 0x03, 0x00, 0x03, 0x02, 0x01,
        0x00, 0x00, 0x00, 0x01, 0x03, 0x00, 0x03, 0x00, 0x00, 0x02, 0x00, 0x02, 0x03, 0x03, 0x02, 0x03, 0x03, 0x01, 0x03, 0x02, 0x01, 0x00, 0x01, 0x01, 0x00, 0x02, 0x01, 0x00, 0x02, 0x03, 0x00, 0x03,
    };

}
